EntryTime,ExitTime,Direction,EntryPrice,ExitPrice,ExitName,ProfitPoints,ProfitCurrency,Commission,MaePoints,MfePoints,Stop,Target,R
2015-01-06T14:31:00Z,2015-01-06T14:32:00Z,Short,4163.75,4163.25,,0.5,10.0,4.3,0.0,3.375,,,
2015-01-07T21:12:00Z,2015-01-08T14:31:00Z,Long,4151.5,4185.75,,34.25,685.0,4.3,-1.0,35.625,,,
2015-01-09T14:31:00Z,2015-01-09T14:32:00Z,Long,4241.5,4238.5,,-3.0,-60.0,4.3,-3.0,0.0,,,
2015-01-09T15:13:00Z,2015-01-09T15:14:00Z,Short,4230.75,4232.25,,-1.5,-30.0,4.3,-1.5,0.0,,,
2015-01-12T17:18:00Z,2015-01-12T17:21:00Z,Short,4170.25,4177.25,,-7.0,-140.0,4.3,-7.0,0.0,,,
2015-01-14T14:31:00Z,2015-01-14T14:32:00Z,Short,4118.0,4125.0,,-7.0,-140.0,4.3,-7.0,0.0,,,
2015-01-28T19:07:00Z,2015-01-28T19:11:00Z,Short,4200.25,4187.0,,13.25,265.0,4.3,0.0,13.25,,,
2015-01-29T14:32:00Z,2015-01-29T14:33:00Z,Short,4123.25,4125.25,,-2.0,-40.0,4.3,-2.0,2.375,,,
2015-01-29T14:33:00Z,2015-02-03T21:33:00Z,Long,4119.25,4216.25,,97.0,1940.0,4.3,-31.625,102.875,,,
2015-02-03T21:32:00Z,2015-02-10T18:21:00Z,Long,4218.75,4260.0,,41.25,825.0,4.3,-131.125,48.875,,,
2015-02-10T18:06:00Z,2015-02-10T19:23:00Z,Long,4262.25,4261.5,,-0.75,-15.0,4.3,-174.625,5.375,,,
2015-02-10T19:21:00Z,2015-02-11T17:42:00Z,Long,4263.75,4293.25,,29.5,590.0,4.3,-176.125,35.75,,,
2015-02-11T16:56:00Z,2015-02-12T20:34:00Z,Long,4298.0,4338.75,,40.75,815.0,4.3,-210.375,45.125,,,
2015-02-12T20:31:00Z,2015-02-13T14:32:00Z,Long,4341.25,4354.5,,13.25,265.0,4.3,-253.625,18.5,,,
2015-02-13T14:31:00Z,2015-02-19T18:55:00Z,Long,4354.75,4412.5,,57.75,1155.0,4.3,-267.125,59.5,,,
2015-02-19T18:35:00Z,2015-02-24T14:31:00Z,Long,4408.5,4442.0,,33.5,670.0,4.3,-320.875,39.5,,,
2015-02-23T21:48:00Z,2015-02-25T16:30:00Z,Long,4446.0,4453.0,,7.0,140.0,4.3,-358.375,8.875,,,
2015-02-25T15:42:00Z,2015-02-25T18:35:00Z,Long,4448.25,4459.25,,11.0,220.0,4.3,-360.625,11.5,,,
2015-02-25T17:47:00Z,2015-03-21T17:30:00Z,Long,4454.5,4458.75,,4.25,85.0,2.15,-366.875,27.875,,,
2015-04-14T13:31:00Z,2015-04-14T13:32:00Z,Short,4402.0,4409.5,,-7.5,-150.0,4.3,-7.5,0.0,,,
2015-04-15T14:21:00Z,2015-04-15T15:21:00Z,Long,4408.75,4403.25,,-5.5,-110.0,4.3,-5.5,2.375,,,
2015-04-16T18:37:00Z,2015-04-16T18:54:00Z,Long,4419.0,4416.75,,-2.25,-45.0,4.3,-2.25,0.125,,,
2015-04-21T20:15:00Z,2015-04-21T20:37:00Z,Short,4428.0,4430.75,,-2.75,-55.0,4.3,-2.75,0.0,,,
2015-04-27T13:31:00Z,2015-04-27T13:32:00Z,Long,4546.5,4542.25,,-4.25,-85.0,4.3,-4.25,0.0,,,
2015-05-05T17:54:00Z,2015-05-05T18:12:00Z,Short,4408.0,4413.25,,-5.25,-105.0,4.3,-5.25,2.0,,,
2015-05-05T18:29:00Z,2015-05-05T18:34:00Z,Short,4408.5,4413.0,,-4.5,-90.0,4.3,-4.5,0.5,,,
2015-05-08T17:16:00Z,2015-05-08T17:28:00Z,Long,4456.0,4453.0,,-3.0,-60.0,4.3,-3.0,0.5,,,
2015-05-15T16:13:00Z,2015-05-15T16:23:00Z,Short,4482.75,4485.5,,-2.75,-55.0,4.3,-2.75,0.25,,,
2015-05-18T14:31:00Z,2015-05-18T15:27:00Z,Long,4488.0,4498.25,,10.25,205.0,4.3,-4.5,10.375,,,
2015-06-10T15:46:00Z,2015-06-10T18:05:00Z,Long,4487.5,4493.25,,5.75,115.0,4.3,-2.25,8.5,,,
2015-06-16T15:52:00Z,2015-06-16T15:54:00Z,Long,4444.25,4441.5,,-2.75,-55.0,4.3,-2.75,0.0,,,
2015-06-16T16:18:00Z,2015-06-16T16:34:00Z,Long,4443.5,4446.5,,3.0,60.0,4.3,-0.75,3.625,,,
2015-06-17T13:31:00Z,2015-06-17T13:32:00Z,Long,4464.0,4463.75,,-0.25,-5.0,4.3,-0.25,1.375,,,
2015-06-17T14:12:00Z,2015-06-17T14:26:00Z,Long,4470.5,4465.5,,-5.0,-100.0,4.3,-5.0,0.0,,,
2015-06-17T14:56:00Z,2015-06-17T15:12:00Z,Long,4468.75,4467.0,,-1.75,-35.0,4.3,-1.75,2.5,,,
2015-06-26T20:16:00Z,2015-06-29T13:31:00Z,Short,4480.5,4428.0,,52.5,1050.0,4.3,-1.75,53.0,,,
2015-07-03T16:52:00Z,2015-07-03T17:00:00Z,Short,4414.25,4417.75,,-3.5,-70.0,4.3,-3.5,0.0,,,
2015-07-06T13:31:00Z,2015-07-06T13:32:00Z,Short,4396.5,4400.5,,-4.0,-80.0,4.3,-4.0,3.375,,,
2015-07-31T19:06:00Z,2015-07-31T19:21:00Z,Short,4582.25,4584.5,,-2.25,-45.0,4.3,-2.25,1.5,,,
2015-07-31T19:42:00Z,2015-07-31T19:45:00Z,Short,4581.25,4584.0,,-2.75,-55.0,4.3,-2.75,0.0,,,
2015-08-03T19:34:00Z,2015-08-03T19:35:00Z,Short,4553.5,4557.0,,-3.5,-70.0,4.3,-3.5,0.0,,,
2015-08-26T20:32:00Z,2015-08-26T20:42:00Z,Long,4218.25,4211.75,,-6.5,-130.0,4.3,-6.5,2.25,,,
2015-09-04T13:31:00Z,2015-09-04T13:32:00Z,Short,4177.5,4186.0,,-8.5,-170.0,4.3,-8.5,0.0,,,
2015-09-15T20:56:00Z,2015-09-16T13:31:00Z,Long,4364.0,4358.75,,-5.25,-105.0,4.3,-5.25,0.25,,,
2015-09-17T14:50:00Z,2015-09-17T15:38:00Z,Long,4390.0,4384.5,,-5.5,-110.0,4.3,-5.5,3.375,,,
2015-09-17T18:01:00Z,2015-09-17T18:02:00Z,Long,4411.75,4396.5,,-15.25,-305.0,4.3,-15.25,0.0,,,
2015-09-17T18:36:00Z,2015-09-17T18:46:00Z,Long,4414.5,4435.0,,20.5,410.0,4.3,-5.75,22.0,,,
2015-11-24T15:11:00Z,2015-11-24T15:13:00Z,Long,4657.5,4651.5,,-6.0,-120.0,4.3,-6.0,0.0,,,
2015-12-01T19:57:00Z,2015-12-01T20:44:00Z,Long,4703.25,4710.0,,6.75,135.0,4.3,-1.875,6.875,,,
2015-12-02T18:31:00Z,2015-12-02T18:34:00Z,Long,4731.0,4728.5,,-2.5,-50.0,4.3,-2.5,0.0,,,
2015-12-07T14:31:00Z,2015-12-07T14:32:00Z,Long,4716.5,4716.25,,-0.25,-5.0,4.3,-0.25,1.0,,,
2015-12-09T18:26:00Z,2015-12-09T18:42:00Z,Short,4601.0,4607.5,,-6.5,-130.0,4.3,-6.5,5.0,,,
2015-12-09T18:46:00Z,2015-12-09T18:48:00Z,Short,4600.25,4607.5,,-7.25,-145.0,4.3,-7.25,0.0,,,
2015-12-15T15:28:00Z,2015-12-15T15:34:00Z,Long,4632.0,4624.5,,-7.5,-150.0,4.3,-7.5,0.0,,,
2015-12-17T15:11:00Z,2015-12-17T15:50:00Z,Short,4663.5,4645.75,,17.75,355.0,4.3,-2.0,23.0,,,
2015-12-17T20:40:00Z,2015-12-17T20:47:00Z,Short,4624.25,4618.25,,6.0,120.0,4.3,-3.5,6.0,,,
2015-12-18T20:52:00Z,2015-12-21T14:31:00Z,Short,4522.5,4546.25,,-23.75,-475.0,4.3,-23.75,19.25,,,
2015-12-24T15:27:00Z,2015-12-24T15:35:00Z,Long,4622.5,4618.75,,-3.75,-75.0,4.3,-3.75,0.75,,,
2015-12-24T17:32:00Z,2015-12-24T17:39:00Z,Long,4629.0,4627.5,,-1.5,-30.0,4.3,-1.5,0.5,,,
2015-12-29T15:51:00Z,2015-12-29T15:52:00Z,Long,4668.0,4665.5,,-2.5,-50.0,4.3,-2.5,0.0,,,
2016-01-04T15:41:00Z,2016-01-04T15:49:00Z,Short,4445.75,4458.0,,-12.25,-245.0,4.3,-12.25,1.0,,,
2016-01-25T21:31:00Z,2016-01-25T22:00:00Z,Short,4182.25,4190.5,,-8.25,-165.0,4.3,-8.25,1.5,,,
2016-01-29T21:31:00Z,2016-01-29T21:34:00Z,Long,4269.25,4265.5,,-3.75,-75.0,4.3,-3.75,0.0,,,
2016-02-04T14:31:00Z,2016-02-04T14:32:00Z,Short,4150.5,4162.25,,-11.75,-235.0,4.3,-11.75,0.0,,,
2016-02-05T18:01:00Z,2016-02-05T18:52:00Z,Short,4044.0,4018.25,,25.75,515.0,4.3,-4.5,25.75,,,
2016-02-10T14:31:00Z,2016-02-10T14:32:00Z,Long,3989.0,3983.5,,-5.5,-110.0,4.3,-5.5,0.25,,,
2016-02-11T21:03:00Z,2016-02-12T14:31:00Z,Long,3962.5,3982.75,,20.25,405.0,4.3,-2.75,29.25,,,
2016-02-16T20:53:00Z,2016-02-16T21:34:00Z,Long,4096.25,4088.75,,-7.5,-150.0,4.3,-7.5,7.75,,,
2016-02-17T14:31:00Z,2016-02-17T14:32:00Z,Long,4137.5,4133.25,,-4.25,-85.0,4.3,-4.25,0.0,,,
2016-02-17T21:27:00Z,2016-02-17T21:32:00Z,Long,4197.25,4200.0,,2.75,55.0,4.3,-0.375,3.25,,,
2016-03-01T17:46:00Z,2016-03-01T18:02:00Z,Long,4305.75,4301.75,,-4.0,-80.0,4.3,-4.0,1.75,,,
2016-03-01T18:13:00Z,2016-03-01T18:31:00Z,Long,4305.25,4310.75,,5.5,110.0,4.3,-0.5,6.25,,,
2016-03-11T16:36:00Z,2016-03-11T16:37:00Z,Long,4341.25,4339.25,,-2.0,-40.0,4.3,-2.0,0.0,,,
2016-03-15T20:12:00Z,2016-03-15T20:15:00Z,Long,4365.75,4363.0,,-2.75,-55.0,4.3,-2.75,0.0,,,
2016-03-24T14:46:00Z,2016-03-24T16:26:00Z,Long,4386.5,4377.0,,-9.5,-190.0,4.3,-9.5,8.375,,,
2016-03-24T20:06:00Z,2016-03-28T13:31:00Z,Long,4397.0,4404.25,,7.25,145.0,4.3,-0.75,9.75,,,
2016-04-01T14:11:00Z,2016-04-01T14:12:00Z,Long,4480.0,4480.75,,0.75,15.0,4.3,0.0,1.125,,,
2016-04-20T19:02:00Z,2016-04-20T19:09:00Z,Long,4552.75,4550.0,,-2.75,-55.0,4.3,-2.75,0.125,,,
2016-04-29T13:31:00Z,2016-04-29T13:32:00Z,Short,4356.75,4357.0,,-0.25,-5.0,4.3,-0.25,7.0,,,
2016-04-29T14:53:00Z,2016-04-29T17:25:00Z,Short,4320.75,4338.0,,-17.25,-345.0,4.3,-17.25,21.0,,,
2016-05-02T18:46:00Z,2016-05-02T18:50:00Z,Long,4362.5,4365.5,,3.0,60.0,4.3,0.0,3.0,,,
2016-05-05T20:01:00Z,2016-05-06T13:31:00Z,Short,4298.5,4285.75,,12.75,255.0,4.3,-2.5,16.125,,,
2016-05-13T15:06:00Z,2016-05-13T15:27:00Z,Long,4350.5,4359.0,,8.5,170.0,4.3,-3.125,8.5,,,
2016-05-24T16:51:00Z,2016-05-24T16:54:00Z,Long,4433.5,4436.0,,2.5,50.0,4.3,-0.625,2.5,,,
2016-05-27T16:32:00Z,2016-05-27T16:40:00Z,Long,4510.5,4508.75,,-1.75,-35.0,4.3,-1.75,0.125,,,
2016-06-06T15:26:00Z,2016-06-06T15:41:00Z,Long,4525.0,4527.25,,2.25,45.0,4.3,-0.25,2.25,,,
2016-06-06T20:50:00Z,2016-06-06T21:00:00Z,Long,4526.5,4524.75,,-1.75,-35.0,4.3,-1.75,0.0,,,
2016-06-07T13:31:00Z,2016-06-07T13:32:00Z,Long,4526.5,4525.0,,-1.5,-30.0,4.3,-1.5,0.0,,,
2016-06-09T20:56:00Z,2016-06-10T13:31:00Z,Long,4514.5,4475.0,,-39.5,-790.0,4.3,-39.5,0.0,,,
2016-06-20T15:06:00Z,2016-06-20T15:48:00Z,Long,4433.75,4429.75,,-4.0,-80.0,4.3,-4.0,2.25,,,
2016-06-23T17:20:00Z,2016-06-23T17:21:00Z,Long,4443.75,4442.5,,-1.25,-25.0,4.3,-1.25,0.0,,,
2016-06-28T20:31:00Z,2016-06-28T20:32:00Z,Long,4282.0,4279.75,,-2.25,-45.0,4.3,-2.25,0.0,,,
2016-07-07T13:31:00Z,2016-07-07T13:32:00Z,Long,4443.75,4443.5,,-0.25,-5.0,4.3,-0.25,1.5,,,
2016-07-07T20:36:00Z,2016-07-08T13:31:00Z,Long,4452.0,4472.5,,20.5,410.0,4.3,-0.75,22.0,,,
2016-07-11T15:50:00Z,2016-07-11T16:39:00Z,Long,4555.5,4560.0,,4.5,90.0,4.3,-1.5,4.5,,,
2016-07-15T20:28:00Z,2016-07-15T20:31:00Z,Short,4578.25,4574.75,,3.5,70.0,4.3,-0.375,6.75,,,
2016-07-18T19:17:00Z,2016-07-18T19:51:00Z,Long,4618.75,4615.25,,-3.5,-70.0,4.3,-3.5,1.0,,,
2016-07-27T15:40:00Z,2016-07-27T15:49:00Z,Short,4689.5,4692.0,,-2.5,-50.0,4.3,-2.5,0.75,,,
2016-07-28T20:37:00Z,2016-07-29T13:35:00Z,Long,4727.5,4727.5,,0.0,0.0,4.3,-2.0,4.25,,,
2016-08-05T17:06:00Z,2016-08-05T17:08:00Z,Long,4795.25,4793.75,,-1.5,-30.0,4.3,-1.5,0.0,,,
2016-08-09T20:01:00Z,2016-08-09T20:07:00Z,Long,4792.5,4790.5,,-2.0,-40.0,4.3,-2.0,0.0,,,
2016-08-15T16:41:00Z,2016-08-15T17:11:00Z,Long,4832.0,4830.0,,-2.0,-40.0,4.3,-2.0,1.5,,,
2016-08-16T18:15:00Z,2016-08-16T18:26:00Z,Short,4801.25,4798.25,,3.0,60.0,4.3,0.0,3.25,,,
2016-08-29T15:31:00Z,2016-08-29T15:32:00Z,Long,4794.0,4791.0,,-3.0,-60.0,4.3,-3.0,0.0,,,
2016-09-08T17:01:00Z,2016-09-08T17:02:00Z,Short,4801.75,4803.5,,-1.75,-35.0,4.3,-1.75,0.0,,,
2016-09-08T17:06:00Z,2016-09-08T17:26:00Z,Short,4801.5,4798.5,,3.0,60.0,4.3,-0.375,3.0,,,
2016-09-08T19:29:00Z,2016-09-08T19:30:00Z,Short,4802.75,4804.5,,-1.75,-35.0,4.3,-1.75,0.0,,,
2016-09-08T19:36:00Z,2016-09-08T19:38:00Z,Short,4802.75,4804.5,,-1.75,-35.0,4.3,-1.75,0.0,,,
2016-09-08T19:53:00Z,2016-09-08T20:00:00Z,Short,4803.0,4804.75,,-1.75,-35.0,4.3,-1.75,2.0,,,
2016-09-15T17:33:00Z,2016-09-15T18:16:00Z,Long,4806.5,4819.0,,12.5,250.0,4.3,0.0,13.5,,,
2016-09-19T17:15:00Z,2016-09-19T17:34:00Z,Short,4799.75,4789.5,,10.25,205.0,4.3,-3.25,10.375,,,
2016-09-20T16:06:00Z,2016-09-20T16:30:00Z,Short,4801.0,4806.5,,-5.5,-110.0,4.3,-5.5,2.25,,,
2016-09-22T19:31:00Z,2016-09-22T19:38:00Z,Long,4888.25,4890.75,,2.5,50.0,4.3,0.0,3.0,,,
2016-09-22T20:01:00Z,2016-09-22T20:10:00Z,Long,4887.5,4884.5,,-3.0,-60.0,4.3,-3.0,0.375,,,
2016-09-27T13:31:00Z,2016-09-27T13:32:00Z,Short,4810.75,4811.0,,-0.25,-5.0,4.3,-1.375,0.0,,,
2016-09-27T16:21:00Z,2016-09-27T16:22:00Z,Long,4847.75,4850.75,,3.0,60.0,4.3,0.0,4.75,,,
2016-09-28T14:11:00Z,2016-09-28T14:31:00Z,Short,4863.0,4866.0,,-3.0,-60.0,4.3,-3.0,5.0,,,
2016-09-30T17:45:00Z,2016-09-30T18:17:00Z,Long,4877.5,4880.75,,3.25,65.0,4.3,-0.375,3.75,,,
2016-10-04T16:31:00Z,2016-10-04T16:39:00Z,Short,4863.25,4869.75,,-6.5,-130.0,4.3,-6.5,0.0,,,
2016-10-06T15:08:00Z,2016-10-06T15:10:00Z,Short,4853.5,4848.5,,5.0,100.0,4.3,0.0,5.5,,,
2016-10-07T16:46:00Z,2016-10-07T16:48:00Z,Short,4839.0,4843.5,,-4.5,-90.0,4.3,-4.5,0.0,,,
2016-10-10T14:31:00Z,2016-10-10T14:53:00Z,Long,4897.25,4900.25,,3.0,60.0,4.3,-0.125,3.0,,,
2016-10-11T15:56:00Z,2016-10-11T16:16:00Z,Short,4831.75,4828.0,,3.75,75.0,4.3,-2.625,3.75,,,
2016-10-17T19:15:00Z,2016-10-17T19:37:00Z,Short,4791.25,4794.25,,-3.0,-60.0,4.3,-3.0,1.25,,,
2016-10-24T18:22:00Z,2016-10-24T18:24:00Z,Long,4899.0,4897.0,,-2.0,-40.0,4.3,-2.0,0.0,,,
2016-10-24T18:31:00Z,2016-10-24T18:33:00Z,Long,4899.0,4897.75,,-1.25,-25.0,4.3,-1.25,0.0,,,
2016-10-24T19:01:00Z,2016-10-24T19:24:00Z,Long,4899.5,4897.5,,-2.0,-40.0,4.3,-2.0,0.0,,,
2016-10-24T19:30:00Z,2016-10-24T19:31:00Z,Long,4899.0,4897.5,,-1.5,-30.0,4.3,-1.5,0.0,,,
2016-10-25T20:31:00Z,2016-10-25T20:32:00Z,Short,4886.0,4898.5,,-12.5,-250.0,4.3,-12.5,0.0,,,
2016-10-31T14:29:00Z,2016-10-31T14:45:00Z,Short,4810.75,4801.25,,9.5,190.0,4.3,-1.75,9.625,,,
2016-10-31T18:51:00Z,2016-10-31T18:52:00Z,Short,4798.5,4801.0,,-2.5,-50.0,4.3,-2.5,0.0,,,
2016-11-02T18:06:00Z,2016-11-02T18:09:00Z,Short,4724.5,4713.5,,11.0,220.0,4.3,-1.25,12.125,,,
2016-11-07T18:31:00Z,2016-11-07T19:15:00Z,Long,4770.25,4767.75,,-2.5,-50.0,4.3,-2.5,2.75,,,
2016-11-07T19:16:00Z,2016-11-07T19:30:00Z,Long,4771.0,4767.25,,-3.75,-75.0,4.3,-3.75,0.0,,,
2016-11-10T20:21:00Z,2016-11-10T20:40:00Z,Short,4755.75,4738.5,,17.25,345.0,4.3,-3.75,17.25,,,
2016-11-16T16:46:00Z,2016-11-17T14:35:00Z,Long,4784.5,4791.0,,6.5,130.0,4.3,-5.25,9.75,,,
2016-11-28T17:32:00Z,2016-11-28T19:24:00Z,Long,4873.75,4866.5,,-7.25,-145.0,4.3,-7.25,3.5,,,
2016-11-29T19:42:00Z,2016-11-29T19:50:00Z,Long,4894.75,4893.0,,-1.75,-35.0,4.3,-1.75,0.0,,,
2016-12-06T17:50:00Z,2016-12-06T18:04:00Z,Short,4773.5,4777.5,,-4.0,-80.0,4.3,-4.0,1.25,,,
2016-12-12T18:38:00Z,2016-12-12T18:39:00Z,Short,4859.25,4861.5,,-2.25,-45.0,4.3,-2.25,0.0,,,
2016-12-27T14:31:00Z,2016-12-27T14:32:00Z,Long,4949.0,4947.75,,-1.25,-25.0,4.3,-1.25,1.25,,,
2017-01-04T19:02:00Z,2017-01-04T19:04:00Z,Long,4933.75,4932.0,,-1.75,-35.0,4.3,-1.75,0.0,,,
2017-01-04T19:14:00Z,2017-01-04T19:17:00Z,Long,4935.0,4937.0,,2.0,40.0,4.3,0.0,2.0,,,
2017-01-06T20:51:00Z,2017-01-06T20:52:00Z,Long,5010.0,5008.0,,-2.0,-40.0,4.3,-2.0,0.0,,,
2017-01-09T14:31:00Z,2017-01-09T14:32:00Z,Long,5006.25,5007.25,,1.0,20.0,4.3,0.0,3.25,,,
2017-01-09T19:56:00Z,2017-01-09T20:07:00Z,Long,5020.75,5023.25,,2.5,50.0,4.3,-0.75,2.75,,,
2017-01-10T14:31:00Z,2017-01-10T14:32:00Z,Long,5025.5,5024.0,,-1.5,-30.0,4.3,-1.5,0.5,,,
2017-01-10T18:35:00Z,2017-01-10T18:40:00Z,Long,5041.75,5044.0,,2.25,45.0,4.3,-0.75,2.25,,,
2017-01-25T21:20:00Z,2017-01-25T21:21:00Z,Long,5147.75,5145.5,,-2.25,-45.0,4.3,-2.25,0.0,,,
2017-01-26T21:17:00Z,2017-01-26T21:31:00Z,Short,5146.25,5154.5,,-8.25,-165.0,4.3,-8.25,0.0,,,
2017-01-30T20:39:00Z,2017-01-30T20:45:00Z,Short,5114.25,5117.25,,-3.0,-60.0,4.3,-3.0,1.75,,,
2017-01-31T14:31:00Z,2017-01-31T14:32:00Z,Short,5105.0,5112.5,,-7.5,-150.0,4.3,-7.5,0.0,,,
2017-02-01T16:48:00Z,2017-02-01T17:11:00Z,Short,5128.25,5134.25,,-6.0,-120.0,4.3,-6.0,4.5,,,
2017-02-06T22:00:00Z,2017-02-07T14:31:00Z,Long,5159.5,5171.25,,11.75,235.0,4.3,-0.875,14.0,,,
2017-02-10T18:46:00Z,2017-02-10T18:55:00Z,Long,5230.25,5228.5,,-1.75,-35.0,4.3,-1.75,1.125,,,
2017-02-14T15:25:00Z,2017-02-14T15:36:00Z,Short,5250.75,5245.75,,5.0,100.0,4.3,-2.25,7.5,,,
2017-02-15T21:01:00Z,2017-02-15T21:14:00Z,Long,5304.25,5308.5,,4.25,85.0,4.3,-0.875,5.125,,,
2017-02-28T15:17:00Z,2017-02-28T17:08:00Z,Short,5342.75,5335.25,,7.5,150.0,4.3,-2.0,7.5,,,
2017-03-02T14:31:00Z,2017-03-02T14:32:00Z,Long,5386.25,5385.25,,-1.0,-20.0,4.3,-1.0,0.0,,,
2017-03-02T21:01:00Z,2017-03-02T21:15:00Z,Short,5358.25,5365.5,,-7.25,-145.0,4.3,-7.25,0.0,,,
2017-03-03T21:26:00Z,2017-03-03T21:31:00Z,Long,5373.0,5371.0,,-2.0,-40.0,4.3,-2.0,0.0,,,
2017-03-29T13:31:00Z,2017-03-29T13:35:00Z,Long,5409.75,5411.25,,1.5,30.0,4.3,-0.5,1.5,,,
2017-03-30T13:33:00Z,2017-03-30T13:34:00Z,Long,5437.0,5435.0,,-2.0,-40.0,4.3,-2.0,0.0,,,
2017-03-31T15:51:00Z,2017-03-31T15:53:00Z,Long,5446.75,5443.75,,-3.0,-60.0,4.3,-3.0,0.0,,,
2017-04-17T20:31:00Z,2017-04-18T13:31:00Z,Long,5397.0,5379.75,,-17.25,-345.0,4.3,-17.25,0.875,,,
2017-04-20T17:01:00Z,2017-04-20T17:20:00Z,Long,5449.5,5443.0,,-6.5,-130.0,4.3,-6.5,0.875,,,
2017-04-20T18:34:00Z,2017-04-20T18:55:00Z,Long,5452.0,5450.25,,-1.75,-35.0,4.3,-1.75,1.875,,,
2017-04-25T15:07:00Z,2017-04-25T15:20:00Z,Long,5536.25,5539.5,,3.25,65.0,4.3,-0.5,4.375,,,
2017-05-09T13:31:00Z,2017-05-09T13:32:00Z,Long,5659.25,5658.75,,-0.5,-10.0,4.3,-0.5,2.875,,,
2017-05-15T20:37:00Z,2017-05-16T13:31:00Z,Long,5703.5,5712.75,,9.25,185.0,4.3,0.0,10.125,,,
2017-05-19T14:48:00Z,2017-05-19T15:24:00Z,Long,5668.25,5663.5,,-4.75,-95.0,4.3,-4.75,4.625,,,
2017-05-29T16:00:00Z,2017-05-29T16:02:00Z,Short,5795.5,5796.25,,-0.75,-15.0,4.3,-0.75,0.0,,,
2017-05-30T18:31:00Z,2017-05-30T18:37:00Z,Long,5796.5,5794.0,,-2.5,-50.0,4.3,-2.5,1.25,,,
2017-05-30T19:02:00Z,2017-05-30T20:02:00Z,Long,5798.0,5795.5,,-2.5,-50.0,4.3,-2.5,2.625,,,
2017-06-02T18:11:00Z,2017-06-02T18:16:00Z,Long,5875.5,5876.5,,1.0,20.0,4.3,-1.375,1.0,,,
2017-06-02T18:59:00Z,2017-06-02T19:25:00Z,Long,5875.5,5879.0,,3.5,70.0,4.3,-1.25,4.5,,,
2017-06-08T16:39:00Z,2017-06-08T16:58:00Z,Short,5874.0,5879.0,,-5.0,-100.0,4.3,-5.0,0.0,,,
2017-06-19T16:17:00Z,2017-06-19T16:32:00Z,Long,5765.0,5761.75,,-3.25,-65.0,4.3,-3.25,1.125,,,
2017-07-05T20:37:00Z,2017-07-06T13:31:00Z,Long,5654.5,5601.75,,-52.75,-1055.0,4.3,-52.75,2.5,,,
2017-07-07T16:53:00Z,2017-07-07T17:02:00Z,Long,5664.25,5665.25,,1.0,20.0,4.3,-1.375,1.0,,,
2017-07-07T17:16:00Z,2017-07-07T17:22:00Z,Long,5663.75,5667.5,,3.75,75.0,4.3,-0.25,3.875,,,
2017-07-11T19:08:00Z,2017-07-11T19:15:00Z,Long,5710.75,5714.5,,3.75,75.0,4.3,0.0,4.5,,,
2017-07-12T17:16:00Z,2017-07-12T17:23:00Z,Long,5771.5,5766.75,,-4.75,-95.0,4.3,-4.75,0.0,,,
2017-07-12T18:23:00Z,2017-07-12T19:15:00Z,Long,5778.75,5787.75,,9.0,180.0,4.3,-1.375,9.0,,,
2017-07-19T18:07:00Z,2017-07-19T18:37:00Z,Long,5921.75,5919.5,,-2.25,-45.0,4.3,-2.25,1.625,,,
2017-07-19T20:26:00Z,2017-07-20T13:31:00Z,Long,5917.5,5929.5,,12.0,240.0,4.3,-0.25,15.0,,,
2017-07-28T15:57:00Z,2017-07-28T16:03:00Z,Long,5900.75,5908.5,,7.75,155.0,4.3,0.0,7.75,,,
2017-07-28T17:48:00Z,2017-07-28T18:00:00Z,Long,5915.5,5909.75,,-5.75,-115.0,4.3,-5.75,0.0,,,
2017-08-10T15:18:00Z,2017-08-10T15:43:00Z,Short,5850.75,5838.75,,12.0,240.0,4.3,0.0,13.25,,,
2017-08-14T20:12:00Z,2017-08-15T13:35:00Z,Long,5910.5,5921.5,,11.0,220.0,4.3,-1.125,11.25,,,
2017-08-15T15:53:00Z,2017-08-15T16:05:00Z,Short,5904.25,5910.0,,-5.75,-115.0,4.3,-5.75,0.125,,,
2017-08-21T18:40:00Z,2017-08-21T18:45:00Z,Short,5775.0,5778.25,,-3.25,-65.0,4.3,-3.25,0.25,,,
2017-08-29T14:14:00Z,2017-08-29T14:44:00Z,Long,5820.0,5845.5,,25.5,510.0,4.3,-1.375,26.375,,,
2017-08-29T17:07:00Z,2017-08-29T17:14:00Z,Long,5861.25,5857.5,,-3.75,-75.0,4.3,-3.75,0.75,,,
2017-08-31T20:36:00Z,2017-09-01T13:31:00Z,Long,5993.75,6002.25,,8.5,170.0,4.3,-0.5,12.75,,,
2017-09-01T18:46:00Z,2017-09-01T18:48:00Z,Short,5989.0,5990.5,,-1.5,-30.0,4.3,-1.5,0.0,,,
2017-09-18T16:06:00Z,2017-09-18T16:24:00Z,Long,6013.5,6011.5,,-2.0,-40.0,4.3,-2.0,1.5,,,
2017-09-22T13:31:00Z,2017-09-22T13:32:00Z,Short,5920.25,5923.0,,-2.75,-55.0,4.3,-2.75,0.0,,,
2017-09-27T18:59:00Z,2017-09-27T19:10:00Z,Long,5949.0,5955.5,,6.5,130.0,4.3,0.0,8.125,,,
2017-10-02T13:31:00Z,2017-10-02T13:32:00Z,Long,5994.25,5989.75,,-4.5,-90.0,4.3,-4.5,0.0,,,
2017-10-06T16:07:00Z,2017-10-06T16:34:00Z,Long,6059.0,6065.5,,6.5,130.0,4.3,-4.0,6.5,,,
2017-10-12T15:11:00Z,2017-10-12T16:06:00Z,Long,6086.25,6093.75,,7.5,150.0,4.3,-1.5,8.0,,,
2017-10-17T14:25:00Z,2017-10-17T14:45:00Z,Short,6109.5,6106.0,,3.5,70.0,4.3,-1.0,3.5,,,
2017-11-08T18:48:00Z,2017-11-08T19:16:00Z,Long,6336.75,6339.75,,3.0,60.0,4.3,-0.25,3.0,,,
2017-11-16T16:43:00Z,2017-11-16T16:54:00Z,Long,6335.75,6340.0,,4.25,85.0,4.3,-0.875,4.25,,,
2017-11-17T17:46:00Z,2017-11-17T18:10:00Z,Short,6334.75,6331.0,,3.75,75.0,4.3,0.0,3.75,,,
2017-11-17T18:21:00Z,2017-11-17T18:34:00Z,Short,6331.0,6333.5,,-2.5,-50.0,4.3,-2.5,0.375,,,
2017-11-17T18:56:00Z,2017-11-17T19:16:00Z,Short,6331.5,6327.75,,3.75,75.0,4.3,-0.375,4.125,,,
2017-11-20T20:11:00Z,2017-11-20T21:09:00Z,Short,6313.25,6317.25,,-4.0,-80.0,4.3,-4.0,4.5,,,
2017-11-21T18:06:00Z,2017-11-21T18:10:00Z,Long,6379.25,6377.75,,-1.5,-30.0,4.3,-1.5,0.0,,,
2017-11-28T15:54:00Z,2017-11-28T15:57:00Z,Short,6416.75,6412.5,,4.25,85.0,4.3,0.0,5.125,,,
2017-11-28T16:32:00Z,2017-11-28T16:36:00Z,Short,6415.25,6419.5,,-4.25,-85.0,4.3,-4.25,0.0,,,
2017-12-05T18:36:00Z,2017-12-05T19:15:00Z,Long,6313.0,6296.75,,-16.25,-325.0,4.3,-16.25,0.0,,,
2017-12-18T21:31:00Z,2017-12-19T14:31:00Z,Long,6536.5,6524.0,,-12.5,-250.0,4.3,-12.5,0.5,,,
2017-12-20T15:33:00Z,2017-12-20T16:44:00Z,Short,6474.0,6482.5,,-8.5,-170.0,4.3,-8.5,8.75,,,
2017-12-20T20:16:00Z,2017-12-20T20:21:00Z,Short,6486.25,6491.0,,-4.75,-95.0,4.3,-4.75,0.0,,,
2018-01-02T18:08:00Z,2018-01-02T18:16:00Z,Long,6503.25,6501.0,,-2.25,-45.0,4.3,-2.25,1.375,,,
2018-01-03T16:16:00Z,2018-01-03T17:47:00Z,Long,6574.75,6584.25,,9.5,190.0,4.3,-3.375,11.875,,,
2018-01-05T21:43:00Z,2018-01-08T14:31:00Z,Long,6667.0,6661.0,,-6.0,-120.0,4.3,-6.0,0.25,,,
2018-01-11T19:39:00Z,2018-01-11T19:43:00Z,Long,6705.5,6702.75,,-2.75,-55.0,4.3,-2.75,0.0,,,
2018-01-11T20:07:00Z,2018-01-11T20:51:00Z,Long,6705.5,6710.0,,4.5,90.0,4.3,-0.75,5.875,,,
2018-01-18T19:55:00Z,2018-01-18T20:01:00Z,Long,6834.75,6830.5,,-4.25,-85.0,4.3,-4.25,0.0,,,
2018-02-14T19:26:00Z,2018-02-14T20:05:00Z,Long,6664.0,6680.25,,16.25,325.0,4.3,-8.0,16.75,,,
2018-02-21T14:31:00Z,2018-02-21T14:32:00Z,Long,6813.25,6806.25,,-7.0,-140.0,4.3,-7.0,3.75,,,
2018-02-23T15:12:00Z,2018-02-23T16:01:00Z,Short,6803.5,6823.5,,-20.0,-400.0,4.3,-20.0,9.75,,,
2018-03-07T15:22:00Z,2018-03-07T15:52:00Z,Long,6893.5,6914.75,,21.25,425.0,4.3,-1.0,22.75,,,
2018-03-07T19:51:00Z,2018-03-07T19:52:00Z,Long,6914.75,6906.0,,-8.75,-175.0,4.3,-8.75,0.0,,,
2018-03-07T20:06:00Z,2018-03-07T20:32:00Z,Long,6919.25,6928.75,,9.5,190.0,4.3,-2.0,12.5,,,
2018-03-12T13:31:00Z,2018-03-12T13:32:00Z,Long,7121.75,7115.5,,-6.25,-125.0,4.3,-6.25,0.0,,,
2018-03-14T14:16:00Z,2018-03-14T14:28:00Z,Short,7051.25,7063.5,,-12.25,-245.0,4.3,-12.25,6.0,,,
2018-03-14T20:04:00Z,2018-03-15T13:31:00Z,Short,7033.5,7047.5,,-14.0,-280.0,4.3,-14.0,2.5,,,
2018-03-16T19:40:00Z,2018-03-16T19:41:00Z,Short,7042.25,7044.5,,-2.25,-45.0,4.3,-2.25,0.0,,,
2018-03-21T14:13:00Z,2018-03-21T14:14:00Z,Long,6918.5,6913.5,,-5.0,-100.0,4.3,-5.0,0.0,,,
2018-04-06T13:31:00Z,2018-04-06T13:32:00Z,Short,6536.25,6550.5,,-14.25,-285.0,4.3,-14.25,0.0,,,
2018-04-11T14:13:00Z,2018-04-11T14:27:00Z,Long,6608.0,6632.0,,24.0,480.0,4.3,-5.25,24.875,,,
2018-04-13T18:16:00Z,2018-04-13T18:19:00Z,Short,6663.25,6658.25,,5.0,100.0,4.3,0.0,6.25,,,
2018-04-26T17:56:00Z,2018-04-26T18:12:00Z,Long,6659.75,6665.5,,5.75,115.0,4.3,-1.25,6.75,,,
2018-04-30T19:23:00Z,2018-04-30T19:34:00Z,Short,6619.25,6628.75,,-9.5,-190.0,4.3,-9.5,4.25,,,
2018-05-02T15:43:00Z,2018-05-02T18:01:00Z,Short,6674.25,6692.75,,-18.5,-370.0,4.3,-18.5,22.875,,,
2018-05-10T13:31:00Z,2018-05-10T13:32:00Z,Long,6914.5,6913.25,,-1.25,-25.0,4.3,-1.25,1.375,,,
2018-05-11T14:46:00Z,2018-05-11T15:21:00Z,Long,6967.75,6957.5,,-10.25,-205.0,4.3,-10.25,7.125,,,
2018-05-16T14:17:00Z,2018-05-17T13:35:00Z,Long,6922.75,6916.25,,-6.5,-130.0,4.3,-16.5,28.5,,,
2018-05-22T15:32:00Z,2018-05-22T15:47:00Z,Short,6918.75,6911.5,,7.25,145.0,4.3,-1.0,8.25,,,
2018-06-04T16:06:00Z,2018-06-04T16:22:00Z,Long,7129.5,7141.0,,11.5,230.0,4.3,-3.0,11.75,,,
2018-06-08T15:11:00Z,2018-06-08T19:51:00Z,Long,7137.0,7160.75,,23.75,475.0,4.3,-9.5,23.75,,,
2018-06-18T18:01:00Z,2018-06-18T18:03:00Z,Long,7273.0,7269.0,,-4.0,-80.0,4.3,-4.0,0.0,,,
2018-06-20T19:46:00Z,2018-06-20T19:51:00Z,Long,7315.5,7306.5,,-9.0,-180.0,4.3,-9.0,0.0,,,
2018-06-20T20:21:00Z,2018-06-21T13:31:00Z,Long,7313.5,7322.75,,9.25,185.0,4.3,-1.5,15.75,,,
2018-06-27T14:46:00Z,2018-06-27T14:56:00Z,Long,7142.0,7128.5,,-13.5,-270.0,4.3,-13.5,0.75,,,
2018-06-28T20:41:00Z,2018-06-29T13:31:00Z,Long,7060.25,7084.0,,23.75,475.0,4.3,-3.375,34.875,,,
2018-07-02T15:23:00Z,2018-07-02T15:32:00Z,Long,7053.25,7047.0,,-6.25,-125.0,4.3,-6.25,1.75,,,
2018-07-17T13:31:00Z,2018-07-17T13:32:00Z,Short,7307.25,7311.5,,-4.25,-85.0,4.3,-4.25,0.0,,,
2018-07-23T13:31:00Z,2018-07-23T13:32:00Z,Short,7350.75,7354.25,,-3.5,-70.0,4.3,-3.5,0.0,,,
2018-07-23T19:31:00Z,2018-07-23T19:32:00Z,Long,7384.5,7382.25,,-2.25,-45.0,4.3,-2.25,0.0,,,
2018-07-23T19:46:00Z,2018-07-23T19:56:00Z,Long,7385.5,7381.75,,-3.75,-75.0,4.3,-3.75,2.0,,,
2018-07-30T19:13:00Z,2018-07-30T19:35:00Z,Short,7199.75,7215.0,,-15.25,-305.0,4.3,-15.25,3.5,,,
2018-08-01T14:11:00Z,2018-08-01T15:34:00Z,Long,7287.5,7271.25,,-16.25,-325.0,4.3,-16.25,15.0,,,
2018-08-07T13:31:00Z,2018-08-07T13:32:00Z,Long,7467.25,7465.5,,-1.75,-35.0,4.3,-1.75,4.125,,,
2018-08-09T15:04:00Z,2018-08-09T15:08:00Z,Long,7497.75,7489.5,,-8.25,-165.0,4.3,-8.25,0.0,,,
2018-08-23T13:35:00Z,2018-08-23T13:35:00Z,Long,7440.25,7440.0,,-0.25,-5.0,4.3,-0.25,0.0,,,
2018-08-28T13:31:00Z,2018-08-28T13:32:00Z,Long,7584.25,7584.0,,-0.25,-5.0,4.3,-0.25,2.5,,,
2018-08-29T19:51:00Z,2018-08-29T19:52:00Z,Long,7668.5,7665.0,,-3.5,-70.0,4.3,-3.5,0.0,,,
2018-08-29T20:00:00Z,2018-08-29T20:01:00Z,Long,7669.0,7666.0,,-3.0,-60.0,4.3,-3.0,0.0,,,
2018-08-29T20:14:00Z,2018-08-30T13:31:00Z,Long,7669.0,7652.0,,-17.0,-340.0,4.3,-17.0,4.25,,,
2018-09-10T17:11:00Z,2018-09-10T17:12:00Z,Short,7438.0,7444.0,,-6.0,-120.0,4.3,-6.0,0.0,,,
2018-09-11T20:31:00Z,2018-09-12T13:31:00Z,Long,7513.75,7492.0,,-21.75,-435.0,4.3,-21.75,3.625,,,
2018-09-13T16:37:00Z,2018-09-13T16:55:00Z,Long,7577.25,7570.0,,-7.25,-145.0,4.3,-7.25,2.375,,,
2018-09-18T18:34:00Z,2018-09-18T18:53:00Z,Long,7519.5,7512.25,,-7.25,-145.0,4.3,-7.25,4.25,,,
2018-09-24T19:44:00Z,2018-09-24T20:00:00Z,Long,7575.75,7581.75,,6.0,120.0,4.3,0.0,6.0,,,
2018-09-25T14:11:00Z,2018-09-25T14:17:00Z,Short,7565.75,7575.0,,-9.25,-185.0,4.3,-9.25,1.875,,,
2018-10-01T14:31:00Z,2018-10-01T14:37:00Z,Long,7725.0,7715.75,,-9.25,-185.0,4.3,-9.25,0.75,,,
2018-10-30T20:30:00Z,2018-10-31T13:31:00Z,Long,6826.75,6927.0,,100.25,2005.0,4.3,0.0,109.0,,,
2018-11-02T18:05:00Z,2018-11-02T18:28:00Z,Short,6944.5,6917.0,,27.5,550.0,4.3,0.0,27.5,,,
2018-11-02T19:02:00Z,2018-11-02T19:12:00Z,Short,6954.75,6974.0,,-19.25,-385.0,4.3,-19.25,7.0,,,
2018-11-07T14:31:00Z,2018-11-07T14:32:00Z,Long,7067.75,7063.25,,-4.5,-90.0,4.3,-4.5,4.75,,,
2018-11-07T16:16:00Z,2018-11-07T16:19:00Z,Long,7155.25,7143.0,,-12.25,-245.0,4.3,-12.25,2.25,,,
2018-11-12T14:31:00Z,2018-11-12T14:32:00Z,Short,7000.5,7009.0,,-8.5,-170.0,4.3,-8.5,6.75,,,
2018-11-14T18:42:00Z,2018-11-14T19:07:00Z,Short,6778.5,6748.25,,30.25,605.0,4.3,-1.75,30.25,,,
2018-11-16T21:56:00Z,2018-11-16T21:57:00Z,Long,6898.25,6896.0,,-2.25,-45.0,4.3,-2.25,0.0,,,
2018-11-19T19:03:00Z,2018-11-19T19:41:00Z,Short,6647.25,6681.25,,-34.0,-680.0,4.3,-34.0,4.75,,,
2018-11-22T16:20:00Z,2018-11-22T16:28:00Z,Short,6514.25,6520.0,,-5.75,-115.0,4.3,-5.75,4.0,,,
2018-11-28T15:11:00Z,2018-11-28T17:01:00Z,Short,6739.5,6767.0,,-27.5,-550.0,4.3,-27.5,19.125,,,
2018-12-04T21:31:00Z,2018-12-06T14:31:00Z,Short,6794.0,6672.0,,122.0,2440.0,4.3,-10.5,133.0,,,
2018-12-06T15:27:00Z,2018-12-06T15:37:00Z,Long,6719.75,6693.25,,-26.5,-530.0,4.3,-26.5,2.75,,,
2018-12-10T21:31:00Z,2018-12-11T14:31:00Z,Long,6704.25,6780.5,,76.25,1525.0,4.3,-11.0,85.25,,,
2018-12-13T19:46:00Z,2018-12-13T19:47:00Z,Short,6732.25,6741.75,,-9.5,-190.0,4.3,-9.5,0.0,,,
2018-12-17T19:54:00Z,2018-12-17T20:23:00Z,Short,6467.5,6448.0,,19.5,390.0,4.3,-2.75,19.5,,,
2018-12-20T18:25:00Z,2018-12-20T18:26:00Z,Short,6233.25,6255.0,,-21.75,-435.0,4.3,-22.5,0.0,,,
2018-12-20T18:32:00Z,2018-12-20T19:04:00Z,Short,6235.5,6199.5,,36.0,720.0,4.3,-9.125,44.0,,,
2018-12-24T17:51:00Z,2018-12-24T18:00:00Z,Short,5959.25,5929.5,,29.75,595.0,4.3,-6.0,46.875,,,
2019-01-02T20:54:00Z,2019-01-02T21:32:00Z,Long,6365.0,6336.25,,-28.75,-575.0,4.3,-28.75,12.25,,,
2019-01-07T14:31:00Z,2019-01-07T14:32:00Z,Long,6441.5,6430.5,,-11.0,-220.0,4.3,-11.0,0.0,,,
2019-01-07T18:11:00Z,2019-01-07T18:24:00Z,Long,6531.5,6521.0,,-10.5,-210.0,4.3,-10.5,2.375,,,
2019-01-10T17:46:00Z,2019-01-10T17:49:00Z,Long,6604.75,6617.5,,12.75,255.0,4.3,0.0,13.5,,,
2019-01-14T18:21:00Z,2019-01-14T19:01:00Z,Long,6573.5,6564.75,,-8.75,-175.0,4.3,-9.0,2.25,,,
2019-01-15T16:32:00Z,2019-01-15T16:43:00Z,Long,6647.25,6659.75,,12.5,250.0,4.3,-2.25,13.875,,,
2019-01-17T21:39:00Z,2019-01-18T14:31:00Z,Long,6727.0,6774.25,,47.25,945.0,4.3,-1.0,49.125,,,
2019-01-18T16:58:00Z,2019-01-18T17:01:00Z,Long,6811.5,6819.0,,7.5,150.0,4.3,0.0,8.25,,,
2019-01-21T15:49:00Z,2019-01-21T16:32:00Z,Short,6751.5,6756.75,,-5.25,-105.0,4.3,-5.25,1.0,,,
2019-01-22T17:56:00Z,2019-01-22T18:01:00Z,Short,6683.75,6669.75,,14.0,280.0,4.3,-0.5,14.0,,,
2019-01-29T18:41:00Z,2019-01-29T18:42:00Z,Short,6647.25,6651.25,,-4.0,-80.0,4.3,-4.0,0.0,,,
2019-01-30T21:44:00Z,2019-01-31T14:35:00Z,Long,6840.0,6845.75,,5.75,115.0,4.3,-1.625,17.5,,,
2019-02-01T17:16:00Z,2019-02-01T17:21:00Z,Long,6910.75,6901.25,,-9.5,-190.0,4.3,-9.5,0.625,,,
2019-02-04T17:26:00Z,2019-02-04T17:27:00Z,Long,6946.5,6942.75,,-3.75,-75.0,4.3,-3.75,0.0,,,
2019-02-08T14:31:00Z,2019-02-08T14:32:00Z,Short,6853.25,6864.5,,-11.25,-225.0,4.3,-11.25,0.0,,,
2019-02-15T15:25:00Z,2019-02-15T15:41:00Z,Short,7054.0,7069.25,,-15.25,-305.0,4.3,-15.25,0.0,,,
2019-02-18T16:31:00Z,2019-02-18T16:35:00Z,Long,7075.0,7073.5,,-1.5,-30.0,4.3,-1.5,0.0,,,
2019-02-18T16:50:00Z,2019-02-18T16:59:00Z,Long,7075.25,7073.75,,-1.5,-30.0,4.3,-1.5,0.25,,,
2019-02-19T15:36:00Z,2019-02-19T16:48:00Z,Long,7067.5,7084.5,,17.0,340.0,4.3,-4.875,17.5,,,
2019-02-20T16:01:00Z,2019-02-20T16:25:00Z,Long,7096.0,7088.0,,-8.0,-160.0,4.3,-8.0,0.75,,,
2019-02-22T17:03:00Z,2019-02-22T17:17:00Z,Long,7097.0,7091.0,,-6.0,-120.0,4.3,-6.0,1.875,,,
2019-02-22T18:31:00Z,2019-02-22T18:45:00Z,Long,7089.5,7083.0,,-6.5,-130.0,4.3,-6.5,0.125,,,
2019-03-07T18:29:00Z,2019-03-07T19:16:00Z,Short,7060.5,7033.5,,27.0,540.0,4.3,-2.625,27.25,,,
2019-03-14T19:56:00Z,2019-03-16T17:30:00Z,Short,7246.5,7272.75,,-26.25,-525.0,2.15,-26.25,8.0,,,
2019-04-05T17:45:00Z,2019-04-05T17:47:00Z,Long,7600.75,7598.0,,-2.75,-55.0,4.3,-2.75,0.0,,,
2019-04-05T18:07:00Z,2019-04-05T18:16:00Z,Long,7601.5,7598.25,,-3.25,-65.0,4.3,-3.25,0.625,,,
2019-04-08T20:31:00Z,2019-04-09T13:31:00Z,Long,7625.25,7592.25,,-33.0,-660.0,4.3,-33.0,2.5,,,
2019-04-11T15:31:00Z,2019-04-11T15:41:00Z,Short,7629.75,7620.75,,9.0,180.0,4.3,-0.75,19.75,,,
2019-04-12T14:14:00Z,2019-04-12T14:27:00Z,Short,7640.5,7647.75,,-7.25,-145.0,4.3,-7.25,0.875,,,
2019-04-24T18:17:00Z,2019-04-24T18:24:00Z,Short,7818.75,7822.5,,-3.75,-75.0,4.3,-3.75,0.25,,,
2019-04-24T18:27:00Z,2019-04-24T18:44:00Z,Short,7819.0,7822.5,,-3.5,-70.0,4.3,-3.5,2.75,,,
2019-05-03T20:31:00Z,2019-05-06T13:31:00Z,Long,7867.5,7693.0,,-174.5,-3490.0,4.3,-174.5,5.0,,,
2019-05-08T19:06:00Z,2019-05-08T19:46:00Z,Long,7668.75,7658.0,,-10.75,-215.0,4.3,-10.75,12.25,,,
2019-05-22T14:16:00Z,2019-05-22T14:39:00Z,Long,7454.25,7434.25,,-20.0,-400.0,4.3,-20.0,6.75,,,
2019-06-04T14:11:00Z,2019-06-04T14:13:00Z,Short,7034.0,7048.25,,-14.25,-285.0,4.3,-14.25,0.0,,,
2019-06-20T20:56:00Z,2019-06-20T21:00:00Z,Short,7733.25,7739.5,,-6.25,-125.0,4.3,-6.25,0.0,,,
2019-06-25T13:31:00Z,2019-06-25T13:32:00Z,Short,7747.25,7748.5,,-1.25,-25.0,4.3,-1.25,4.5,,,
2019-06-27T15:11:00Z,2019-06-27T15:14:00Z,Long,7693.75,7685.75,,-8.0,-160.0,4.3,-8.0,0.0,,,
2019-07-23T13:31:00Z,2019-07-23T13:32:00Z,Long,7958.75,7955.0,,-3.75,-75.0,4.3,-3.75,0.0,,,
2019-07-26T19:14:00Z,2019-07-26T20:00:00Z,Long,8036.25,8028.25,,-8.0,-160.0,4.3,-8.0,3.875,,,
2019-07-30T14:16:00Z,2019-07-30T15:58:00Z,Long,7968.5,7956.5,,-12.0,-240.0,4.3,-12.0,6.875,,,
2019-08-02T17:51:00Z,2019-08-02T18:04:00Z,Short,7658.0,7668.5,,-10.5,-210.0,4.3,-10.5,0.0,,,
2019-08-05T16:28:00Z,2019-08-05T16:59:00Z,Short,7453.25,7424.0,,29.25,585.0,4.3,-10.0,29.25,,,
2019-08-13T19:55:00Z,2019-08-13T19:56:00Z,Long,7743.25,7733.25,,-10.0,-200.0,4.3,-10.0,0.0,,,
2019-08-14T20:00:00Z,2019-08-14T20:13:00Z,Short,7501.5,7482.0,,19.5,390.0,4.3,-11.0,21.0,,,
2019-08-30T17:04:00Z,2019-08-30T17:17:00Z,Short,7674.75,7667.75,,7.0,140.0,4.3,0.0,7.5,,,
2019-09-04T20:31:00Z,2019-09-05T13:31:00Z,Long,7724.75,7804.25,,79.5,1590.0,4.3,-2.5,87.5,,,
2019-09-06T16:21:00Z,2019-09-06T16:47:00Z,Short,7862.0,7851.25,,10.75,215.0,4.3,-1.0,10.75,,,
2019-09-16T19:01:00Z,2019-09-16T19:07:00Z,Long,7857.25,7850.25,,-7.0,-140.0,4.3,-7.0,0.0,,,
2019-09-16T19:36:00Z,2019-09-16T19:41:00Z,Long,7855.75,7850.25,,-5.5,-110.0,4.3,-5.5,0.0,,,
2019-09-18T15:53:00Z,2019-09-18T15:54:00Z,Short,7866.75,7869.75,,-3.0,-60.0,4.3,-3.0,0.0,,,
2019-09-18T16:11:00Z,2019-09-18T16:43:00Z,Short,7866.25,7861.75,,4.5,90.0,4.3,-2.0,5.375,,,
2019-09-20T17:41:00Z,2019-09-20T18:01:00Z,Short,7841.0,7855.75,,-14.75,-295.0,4.3,-14.75,14.25,,,
2019-09-25T13:31:00Z,2019-09-25T13:32:00Z,Short,7728.0,7730.75,,-2.75,-55.0,4.3,-2.75,4.25,,,
2019-09-30T16:01:00Z,2019-09-30T16:14:00Z,Long,7757.0,7761.5,,4.5,90.0,4.3,-3.625,4.5,,,
2019-09-30T17:21:00Z,2019-09-30T17:24:00Z,Long,7778.0,7773.75,,-4.25,-85.0,4.3,-4.25,0.0,,,
2019-09-30T18:46:00Z,2019-09-30T18:49:00Z,Long,7774.25,7771.25,,-3.0,-60.0,4.3,-3.0,0.0,,,
2019-10-04T18:04:00Z,2019-10-04T18:05:00Z,Long,7739.25,7736.0,,-3.25,-65.0,4.3,-3.25,0.0,,,
2019-10-15T17:46:00Z,2019-10-15T17:51:00Z,Long,7961.25,7963.0,,1.75,35.0,4.3,0.0,3.125,,,
2019-10-17T20:01:00Z,2019-10-18T13:35:00Z,Short,7951.25,7950.75,,0.5,10.0,4.3,-5.25,5.5,,,
2019-10-21T20:43:00Z,2019-10-22T13:31:00Z,Long,7947.75,7972.25,,24.5,490.0,4.3,-0.75,33.0,,,
2019-10-23T20:31:00Z,2019-10-24T13:31:00Z,Long,7907.25,7953.0,,45.75,915.0,4.3,-2.125,47.625,,,
2019-10-28T17:20:00Z,2019-10-28T17:22:00Z,Long,8115.75,8112.25,,-3.5,-70.0,4.3,-3.5,0.0,,,
2019-10-28T19:11:00Z,2019-10-28T19:54:00Z,Long,8120.5,8116.25,,-4.25,-85.0,4.3,-4.25,5.125,,,
2019-10-30T13:35:00Z,2019-10-30T13:35:00Z,Short,8053.75,8054.0,,-0.25,-5.0,4.3,-0.25,0.0,,,
2019-11-01T19:17:00Z,2019-11-01T19:23:00Z,Long,8147.25,8144.0,,-3.25,-65.0,4.3,-3.25,0.0,,,
2019-11-06T15:16:00Z,2019-11-06T15:26:00Z,Short,8191.25,8198.75,,-7.5,-150.0,4.3,-7.5,0.0,,,
2019-11-07T17:00:00Z,2019-11-07T17:01:00Z,Long,8277.25,8266.5,,-10.75,-215.0,4.3,-10.75,0.0,,,
2019-11-07T17:01:00Z,2019-11-08T19:33:00Z,Short,8277.0,8235.5,,41.5,830.0,4.3,0.0,76.0,,,
2019-11-08T19:49:00Z,2019-11-13T18:51:00Z,Short,8232.75,8279.25,,-46.5,-930.0,4.3,-66.75,24.25,,,
2019-11-13T18:57:00Z,2019-11-15T14:31:00Z,Short,8274.75,8315.25,,-40.5,-810.0,4.3,-40.5,56.625,,,
2019-11-15T14:32:00Z,2019-11-25T16:51:00Z,Short,8308.25,8364.0,,-55.75,-1115.0,4.3,-62.875,74.375,,,
2019-11-25T17:14:00Z,2019-11-25T17:46:00Z,Short,8361.25,8362.75,,-1.5,-30.0,4.3,-1.875,1.0,,,
2019-11-25T17:54:00Z,2019-11-25T17:59:00Z,Short,8361.5,8363.0,,-1.5,-30.0,4.3,-1.5,0.0,,,
2019-11-25T18:01:00Z,2019-11-26T17:08:00Z,Short,8366.25,8394.25,,-28.0,-560.0,4.3,-29.0,5.625,,,
2019-11-26T19:37:00Z,2019-12-05T18:32:00Z,Short,8388.75,8293.5,,95.25,1905.0,4.3,-68.5,213.25,,,
2019-12-05T18:29:00Z,2019-12-16T17:02:00Z,Short,8290.5,8583.75,,-293.25,-5865.0,4.3,-295.875,115.0,,,
2019-12-16T17:09:00Z,2019-12-19T15:26:00Z,Short,8581.25,8602.75,,-21.5,-430.0,4.3,-30.125,13.75,,,
2019-12-19T15:30:00Z,2019-12-21T18:30:00Z,Short,8609.0,8693.0,,-84.0,-1680.0,2.15,-84.625,4.75,,,
2020-01-15T15:31:00Z,2020-01-15T16:12:00Z,Long,9083.25,9070.75,,-12.5,-250.0,4.3,-12.5,11.625,,,
2020-01-22T14:31:00Z,2020-01-22T14:32:00Z,Long,9215.75,9211.5,,-4.25,-85.0,4.3,-4.25,0.375,,,
2020-01-30T14:31:00Z,2020-01-30T14:32:00Z,Short,9055.0,9069.75,,-14.75,-295.0,4.3,-14.75,0.0,,,
2020-02-13T15:11:00Z,2020-02-13T15:47:00Z,Long,9578.5,9598.5,,20.0,400.0,4.3,0.0,20.0,,,
2020-02-17T15:44:00Z,2020-02-17T15:49:00Z,Long,9662.25,9666.0,,3.75,75.0,4.3,0.0,3.75,,,
2020-02-20T18:51:00Z,2020-02-20T19:04:00Z,Short,9590.5,9606.75,,-16.25,-325.0,4.3,-16.25,5.0,,,
2020-03-03T14:31:00Z,2020-03-03T14:32:00Z,Long,8865.25,8865.25,,0.0,0.0,4.3,-1.0,0.0,,,
2020-03-19T15:57:00Z,2020-03-19T15:58:00Z,Long,7430.0,7382.25,,-47.75,-955.0,4.3,-49.25,0.0,,,
2020-03-20T20:21:00Z,2020-03-20T20:32:00Z,Short,6962.5,6916.5,,46.0,920.0,4.3,-4.625,46.5,,,
2020-03-26T19:27:00Z,2020-03-26T19:38:00Z,Long,7766.75,7745.25,,-21.5,-430.0,4.3,-21.75,22.5,,,
2020-03-26T19:51:00Z,2020-03-26T19:52:00Z,Long,7823.75,7811.75,,-12.0,-240.0,4.3,-12.0,0.0,,,
2020-03-30T20:47:00Z,2020-03-31T13:31:00Z,Long,7870.0,7831.0,,-39.0,-780.0,4.3,-39.75,0.0,,,
2020-04-02T13:31:00Z,2020-04-02T13:32:00Z,Short,7443.75,7466.0,,-22.25,-445.0,4.3,-22.25,0.0,,,
2020-04-09T19:13:00Z,2020-04-09T19:57:00Z,Short,8187.0,8226.25,,-39.25,-785.0,4.3,-39.25,20.25,,,
2020-04-20T18:18:00Z,2020-04-20T18:19:00Z,Long,8801.75,8788.5,,-13.25,-265.0,4.3,-13.25,0.0,,,
2020-04-27T13:31:00Z,2020-04-27T13:32:00Z,Long,8848.0,8835.5,,-12.5,-250.0,4.3,-12.5,0.0,,,
2020-04-29T17:18:00Z,2020-04-29T17:24:00Z,Long,8960.5,8950.75,,-9.75,-195.0,4.3,-9.75,1.5,,,
2020-04-29T17:58:00Z,2020-04-29T18:01:00Z,Long,8965.0,8952.0,,-13.0,-260.0,4.3,-13.0,0.0,,,
2020-05-06T17:01:00Z,2020-05-06T17:04:00Z,Long,9031.75,9018.75,,-13.0,-260.0,4.3,-13.0,0.0,,,
2020-05-08T13:31:00Z,2020-05-08T13:32:00Z,Long,9150.0,9131.5,,-18.5,-370.0,4.3,-18.5,0.0,,,
2020-05-08T16:26:00Z,2020-05-08T17:24:00Z,Long,9204.75,9194.25,,-10.5,-210.0,4.3,-10.5,12.25,,,
2020-05-11T16:07:00Z,2020-05-11T16:10:00Z,Long,9262.25,9253.5,,-8.75,-175.0,4.3,-8.75,0.0,,,
2020-05-11T16:18:00Z,2020-05-11T16:31:00Z,Long,9262.25,9278.5,,16.25,325.0,4.3,0.0,16.25,,,
2020-05-11T17:06:00Z,2020-05-11T17:21:00Z,Long,9282.75,9300.5,,17.75,355.0,4.3,0.0,17.75,,,
2020-05-12T19:05:00Z,2020-05-12T19:15:00Z,Short,9262.75,9243.0,,19.75,395.0,4.3,-6.0,23.25,,,
2020-05-19T14:52:00Z,2020-05-19T16:19:00Z,Long,9390.75,9372.25,,-18.5,-370.0,4.3,-18.5,13.25,,,
2020-05-25T15:16:00Z,2020-05-25T16:04:00Z,Long,9528.5,9524.5,,-4.0,-80.0,4.3,-4.0,3.75,,,
2020-06-01T19:27:00Z,2020-06-01T19:37:00Z,Long,9595.25,9585.0,,-10.25,-205.0,4.3,-10.25,3.25,,,
2020-06-05T17:41:00Z,2020-06-05T17:55:00Z,Long,9828.0,9818.25,,-9.75,-195.0,4.3,-9.75,2.125,,,
2020-06-23T17:01:00Z,2020-06-23T17:20:00Z,Long,10264.25,10275.5,,11.25,225.0,4.3,0.0,11.25,,,
2020-06-26T16:14:00Z,2020-06-26T17:07:00Z,Short,9912.75,9942.0,,-29.25,-585.0,4.3,-29.25,34.125,,,
2020-06-26T17:53:00Z,2020-06-26T18:30:00Z,Short,9920.25,9887.5,,32.75,655.0,4.3,-12.125,32.75,,,
2020-07-20T16:35:00Z,2020-07-20T17:31:00Z,Long,10812.5,10841.0,,28.5,570.0,4.3,0.0,28.5,,,
2020-08-03T15:10:00Z,2020-08-03T17:44:00Z,Long,11038.25,11025.5,,-12.75,-255.0,4.3,-12.75,17.5,,,
2020-08-10T13:34:00Z,2020-08-10T13:35:00Z,Short,11120.0,11124.5,,-4.5,-90.0,4.3,-4.5,0.0,,,
2020-08-13T16:41:00Z,2020-08-13T17:01:00Z,Long,11252.25,11264.0,,11.75,235.0,4.3,-5.5,11.75,,,
2020-08-17T18:10:00Z,2020-08-17T18:13:00Z,Long,11278.25,11288.0,,9.75,195.0,4.3,0.0,9.75,,,
2020-10-07T16:07:00Z,2020-10-07T16:28:00Z,Long,11436.5,11415.75,,-20.75,-415.0,4.3,-20.75,13.5,,,
2020-10-07T16:32:00Z,2020-10-07T17:00:00Z,Long,11438.75,11452.75,,14.0,280.0,4.3,-7.75,17.25,,,
2020-10-09T14:29:00Z,2020-10-09T14:48:00Z,Long,11630.75,11652.75,,22.0,440.0,4.3,0.0,22.0,,,
2020-10-13T17:16:00Z,2020-10-13T17:17:00Z,Short,12101.25,12132.5,,-31.25,-625.0,4.3,-31.25,0.0,,,
2020-10-23T14:24:00Z,2020-10-23T14:32:00Z,Short,11591.0,11626.0,,-35.0,-700.0,4.3,-35.0,0.0,,,
2020-10-30T18:28:00Z,2020-10-30T19:15:00Z,Short,10968.5,10997.5,,-29.0,-580.0,4.3,-29.0,13.25,,,
2020-11-03T20:27:00Z,2020-11-03T20:31:00Z,Long,11280.75,11296.5,,15.75,315.0,4.3,0.0,16.5,,,
2020-11-11T18:17:00Z,2020-11-11T19:41:00Z,Long,11873.25,11847.0,,-26.25,-525.0,4.3,-26.25,22.0,,,
2020-11-16T18:58:00Z,2020-11-16T19:03:00Z,Long,11973.0,11956.75,,-16.25,-325.0,4.3,-16.25,0.0,,,
2020-11-16T20:59:00Z,2020-11-16T21:00:00Z,Long,11995.75,12009.0,,13.25,265.0,4.3,0.0,18.0,,,
2020-11-17T21:54:00Z,2020-11-18T14:31:00Z,Short,11972.75,11958.25,,14.5,290.0,4.3,-1.5,14.5,,,
2020-11-19T17:02:00Z,2020-11-19T17:43:00Z,Long,11953.75,11927.75,,-26.0,-520.0,4.3,-26.0,8.5,,,
2020-11-19T20:35:00Z,2020-11-19T21:31:00Z,Long,11989.75,11974.5,,-15.25,-305.0,4.3,-15.25,9.375,,,
2020-11-23T17:01:00Z,2020-11-23T17:14:00Z,Short,11836.25,11850.75,,-14.5,-290.0,4.3,-14.5,5.5,,,
2020-11-24T18:31:00Z,2020-11-24T18:41:00Z,Long,12047.75,12070.0,,22.25,445.0,4.3,0.0,29.0,,,
2020-11-26T16:56:00Z,2020-11-26T17:19:00Z,Short,12186.75,12173.75,,13.0,260.0,4.3,-2.375,15.75,,,
2020-12-04T18:07:00Z,2020-12-04T18:12:00Z,Long,12527.25,12521.25,,-6.0,-120.0,4.3,-6.0,0.5,,,
2020-12-04T20:44:00Z,2020-12-04T20:46:00Z,Long,12517.0,12507.75,,-9.25,-185.0,4.3,-9.25,0.0,,,
2020-12-07T14:31:00Z,2020-12-07T14:32:00Z,Long,12533.75,12531.0,,-2.75,-55.0,4.3,-2.75,2.75,,,
2020-12-07T15:36:00Z,2020-12-07T15:38:00Z,Long,12594.5,12588.0,,-6.5,-130.0,4.3,-6.5,0.0,,,
2020-12-07T15:51:00Z,2020-12-07T15:59:00Z,Long,12596.0,12586.75,,-9.25,-185.0,4.3,-9.25,4.0,,,
2020-12-07T16:06:00Z,2020-12-07T16:41:00Z,Long,12600.75,12585.5,,-15.25,-305.0,4.3,-15.25,8.75,,,
2020-12-18T19:11:00Z,2020-12-18T19:36:00Z,Short,12676.75,12690.0,,-13.25,-265.0,4.3,-13.5,12.75,,,
2020-12-29T19:11:00Z,2020-12-29T19:26:00Z,Short,12845.0,12827.25,,17.75,355.0,4.3,-3.5,17.75,,,
2021-01-13T21:33:00Z,2021-01-13T21:41:00Z,Long,12977.5,12968.25,,-9.25,-185.0,4.3,-9.25,0.0,,,
2021-01-14T20:46:00Z,2021-01-14T20:51:00Z,Short,12934.25,12909.25,,25.0,500.0,4.3,-0.5,25.0,,,
2021-01-19T21:30:00Z,2021-01-20T14:31:00Z,Long,13007.0,13120.75,,113.75,2275.0,4.3,0.0,116.75,,,
2021-01-20T18:26:00Z,2021-01-20T18:45:00Z,Long,13280.25,13266.25,,-14.0,-280.0,4.3,-14.0,12.25,,,
2021-01-27T19:16:00Z,2021-01-27T19:21:00Z,Short,13276.75,13240.75,,36.0,720.0,4.3,0.0,41.25,,,
2021-02-02T16:39:00Z,2021-02-02T16:56:00Z,Long,13430.5,13451.0,,20.5,410.0,4.3,-6.5,21.875,,,
2021-02-02T19:37:00Z,2021-02-02T19:47:00Z,Long,13476.5,13490.75,,14.25,285.0,4.3,0.0,15.0,,,
2021-02-02T20:13:00Z,2021-02-02T20:16:00Z,Long,13474.25,13464.75,,-9.5,-190.0,4.3,-9.5,0.0,,,
2021-02-04T15:31:00Z,2021-02-04T15:56:00Z,Short,13410.75,13444.0,,-33.25,-665.0,4.3,-33.25,3.875,,,
2021-02-05T14:31:00Z,2021-02-05T14:32:00Z,Long,13582.75,13574.25,,-8.5,-170.0,4.3,-11.0,0.0,,,
2021-02-11T19:41:00Z,2021-02-11T19:42:00Z,Short,13658.25,13673.75,,-15.5,-310.0,4.3,-15.5,0.0,,,
2021-02-18T19:46:00Z,2021-02-18T20:00:00Z,Long,13618.0,13645.0,,27.0,540.0,4.3,-8.0,27.0,,,
2021-02-19T15:11:00Z,2021-02-19T15:41:00Z,Short,13653.5,13672.5,,-19.0,-380.0,4.3,-19.0,19.5,,,
2021-03-11T19:18:00Z,2021-03-11T19:36:00Z,Long,13087.25,13070.5,,-16.75,-335.0,4.3,-16.75,2.0,,,
2021-03-15T19:16:00Z,2021-03-15T19:21:00Z,Long,13024.5,13005.5,,-19.0,-380.0,4.3,-19.0,4.5,,,
2021-03-22T18:31:00Z,2021-03-22T18:37:00Z,Long,13145.0,13135.5,,-9.5,-190.0,4.3,-9.5,3.25,,,
2021-04-06T16:06:00Z,2021-04-06T16:21:00Z,Long,13639.0,13624.25,,-14.75,-295.0,4.3,-14.75,0.0,,,
2021-04-07T15:01:00Z,2021-04-07T15:27:00Z,Long,13613.25,13600.5,,-12.75,-255.0,4.3,-12.75,16.0,,,
2021-04-14T14:15:00Z,2021-04-14T14:27:00Z,Short,13953.75,13930.25,,23.5,470.0,4.3,-0.25,25.5,,,
2021-04-26T20:03:00Z,2021-04-26T20:04:00Z,Long,14023.75,14018.0,,-5.75,-115.0,4.3,-5.75,0.0,,,
2021-04-26T20:51:00Z,2021-04-27T13:35:00Z,Long,14018.0,14021.5,,3.5,70.0,4.3,-5.25,3.75,,,
2021-05-03T19:16:00Z,2021-05-03T19:37:00Z,Short,13801.25,13787.5,,13.75,275.0,4.3,-5.25,13.75,,,
2021-05-13T14:51:00Z,2021-05-13T15:05:00Z,Long,13190.75,13163.5,,-27.25,-545.0,4.3,-27.25,28.75,,,
2021-05-20T17:07:00Z,2021-05-20T17:55:00Z,Long,13475.0,13460.0,,-15.0,-300.0,4.3,-15.0,21.75,,,
2021-05-20T18:36:00Z,2021-05-20T19:25:00Z,Long,13491.25,13517.75,,26.5,530.0,4.3,-1.25,26.5,,,
2021-05-26T16:38:00Z,2021-05-26T16:40:00Z,Long,13718.25,13712.75,,-5.5,-110.0,4.3,-5.5,0.0,,,
2021-05-26T16:47:00Z,2021-05-26T16:55:00Z,Long,13717.5,13712.0,,-5.5,-110.0,4.3,-5.5,0.0,,,
2021-06-08T20:28:00Z,2021-06-08T20:31:00Z,Short,13810.75,13814.0,,-3.25,-65.0,4.3,-3.25,0.375,,,
2021-06-10T17:16:00Z,2021-06-10T17:27:00Z,Long,13945.0,13938.5,,-6.5,-130.0,4.3,-6.5,0.125,,,
2021-06-10T19:09:00Z,2021-06-10T19:33:00Z,Long,13948.75,13937.5,,-11.25,-225.0,4.3,-11.25,3.25,,,
2021-06-15T16:37:00Z,2021-06-15T16:40:00Z,Short,14066.75,14070.5,,-3.75,-75.0,4.3,-3.75,0.75,,,
2021-06-17T19:51:00Z,2021-06-17T19:53:00Z,Long,14201.25,14188.5,,-12.75,-255.0,4.3,-12.75,0.0,,,
2021-06-22T16:09:00Z,2021-06-22T16:53:00Z,Long,14212.75,14229.75,,17.0,340.0,4.3,-1.5,19.75,,,
2021-06-23T14:17:00Z,2021-06-23T14:38:00Z,Long,14308.0,14282.75,,-25.25,-505.0,4.3,-25.25,3.625,,,
2021-06-25T20:36:00Z,2021-06-28T13:31:00Z,Short,14330.0,14417.5,,-87.5,-1750.0,4.3,-87.5,2.375,,,
2021-07-02T18:37:00Z,2021-07-02T18:44:00Z,Long,14695.75,14689.5,,-6.25,-125.0,4.3,-6.25,0.0,,,
2021-07-07T17:01:00Z,2021-07-07T17:05:00Z,Short,14794.75,14783.25,,11.5,230.0,4.3,0.0,15.25,,,
2021-07-09T20:56:00Z,2021-07-09T20:57:00Z,Long,14813.0,14812.0,,-1.0,-20.0,4.3,-1.0,0.0,,,
2021-07-13T15:57:00Z,2021-07-13T16:04:00Z,Long,14988.5,14982.25,,-6.25,-125.0,4.3,-6.25,1.875,,,
2021-08-05T14:31:00Z,2021-08-05T14:34:00Z,Long,15131.75,15119.0,,-12.75,-255.0,4.3,-12.75,0.0,,,
2021-08-10T18:42:00Z,2021-08-10T19:01:00Z,Short,15045.25,15054.75,,-9.5,-190.0,4.3,-9.5,0.75,,,
2021-08-16T15:06:00Z,2021-08-16T15:09:00Z,Short,14937.75,14954.75,,-17.0,-340.0,4.3,-17.0,6.75,,,
2021-08-27T15:43:00Z,2021-08-27T17:10:00Z,Long,15402.5,15425.25,,22.75,455.0,4.3,0.0,22.75,,,
2021-08-30T17:46:00Z,2021-08-30T18:19:00Z,Long,15603.25,15615.0,,11.75,235.0,4.3,-0.125,12.5,,,
2021-08-31T14:16:00Z,2021-08-31T14:25:00Z,Short,15531.25,15555.75,,-24.5,-490.0,4.3,-24.5,0.0,,,
2021-09-07T18:13:00Z,2021-09-07T18:16:00Z,Long,15694.75,15688.5,,-6.25,-125.0,4.3,-6.25,0.5,,,
2021-09-10T15:08:00Z,2021-09-10T15:54:00Z,Short,15574.25,15535.25,,39.0,780.0,4.3,-13.75,39.0,,,
2021-09-13T15:15:00Z,2021-09-13T15:36:00Z,Short,15375.25,15401.75,,-26.5,-530.0,4.3,-26.5,21.25,,,
2021-09-24T14:23:00Z,2021-09-24T14:47:00Z,Long,15239.0,15210.75,,-28.25,-565.0,4.3,-28.25,16.0,,,
2021-10-04T17:56:00Z,2021-10-04T18:01:00Z,Short,14404.75,14421.0,,-16.25,-325.0,4.3,-16.25,5.0,,,
2021-10-06T19:47:00Z,2021-10-06T19:56:00Z,Long,14718.75,14745.75,,27.0,540.0,4.3,0.0,30.5,,,
2021-10-19T16:21:00Z,2021-10-19T16:22:00Z,Long,15380.0,15375.75,,-4.25,-85.0,4.3,-4.25,0.0,,,
2021-10-20T21:00:00Z,2021-10-21T13:31:00Z,Short,15356.75,15361.0,,-4.25,-85.0,4.3,-4.25,0.0,,,
2021-10-21T13:31:00Z,2021-10-26T20:36:00Z,Long,15350.75,15535.0,,184.25,3685.0,4.3,-76.0,348.25,,,
2021-10-27T13:31:00Z,2021-10-27T17:25:00Z,Long,15586.25,15699.75,,113.5,2270.0,4.3,-19.75,119.625,,,
2021-10-27T15:06:00Z,2021-11-01T18:30:00Z,Long,15644.25,15806.75,,162.5,3250.0,4.3,-77.75,226.5,,,
2021-11-01T18:47:00Z,2021-11-02T19:43:00Z,Long,15827.25,15969.0,,141.75,2835.0,4.3,-5.875,150.5,,,
2021-11-02T18:51:00Z,2021-11-09T20:11:00Z,Long,15942.25,16203.25,,261.0,5220.0,4.3,-120.875,501.5,,,
2021-11-09T20:44:00Z,2021-11-11T18:42:00Z,Long,16220.5,16035.25,,-185.25,-3705.0,4.3,-314.75,5.0,,,
2021-11-11T18:47:00Z,2021-11-15T16:42:00Z,Long,16051.5,16157.0,,105.5,2110.0,4.3,-42.875,198.75,,,
2021-11-15T16:43:00Z,2021-11-24T18:38:00Z,Long,16147.5,16310.5,,163.0,3260.0,4.3,-56.75,608.5,,,
2021-11-24T18:24:00Z,2021-11-24T19:04:00Z,Long,16327.75,16301.0,,-26.75,-535.0,4.3,-237.0,428.25,,,
2021-11-24T19:03:00Z,2021-12-06T21:26:00Z,Long,16332.0,15831.5,,-500.5,-10010.0,4.3,-789.5,424.0,,,
2021-12-06T21:21:00Z,2021-12-08T16:12:00Z,Long,15843.25,16269.75,,426.5,8530.0,4.3,-300.75,912.75,,,
2021-12-08T16:13:00Z,2021-12-14T16:36:00Z,Long,16288.25,15788.25,,-500.0,-10000.0,4.3,-511.0,123.875,,,
2021-12-14T17:46:00Z,2021-12-15T16:02:00Z,Long,15743.25,15842.0,,98.75,1975.0,4.3,-1.0,222.0,,,
2021-12-15T16:37:00Z,2021-12-16T18:35:00Z,Long,15781.0,15933.0,,152.0,3040.0,4.3,-32.0,535.375,,,
2021-12-16T18:48:00Z,2021-12-16T21:22:00Z,Long,15965.75,15858.5,,-107.25,-2145.0,4.3,-164.5,15.5,,,
2021-12-28T20:06:00Z,2021-12-28T20:10:00Z,Short,16476.5,16499.0,,-22.5,-450.0,4.3,-22.75,0.0,,,
2021-12-30T18:34:00Z,2021-12-30T18:38:00Z,Long,16548.25,16541.0,,-7.25,-145.0,4.3,-7.25,0.0,,,
2022-01-07T18:40:00Z,2022-01-07T19:54:00Z,Short,15620.0,15653.0,,-33.0,-660.0,4.3,-33.0,60.125,,,
2022-01-14T21:13:00Z,2022-01-17T14:34:00Z,Long,15600.5,15587.75,,-12.75,-255.0,4.3,-12.75,18.0,,,
2022-01-31T21:59:00Z,2022-02-01T14:31:00Z,Long,14862.75,14897.5,,34.75,695.0,4.3,0.0,38.5,,,
2022-02-02T16:01:00Z,2022-02-02T16:14:00Z,Short,15038.75,14962.75,,76.0,1520.0,4.3,0.0,76.0,,,
2022-02-07T14:31:00Z,2022-02-07T14:32:00Z,Long,14696.0,14682.0,,-14.0,-280.0,4.3,-14.0,8.25,,,
2022-02-16T21:33:00Z,2022-02-17T14:31:00Z,Long,14611.75,14465.75,,-146.0,-2920.0,4.3,-146.0,0.0,,,
2022-03-04T20:48:00Z,2022-03-04T20:53:00Z,Short,13762.25,13798.0,,-35.75,-715.0,4.3,-35.75,0.0,,,
2022-03-07T18:10:00Z,2022-03-07T19:06:00Z,Short,13526.25,13456.25,,70.0,1400.0,4.3,0.0,70.0,,,
2022-03-21T18:17:00Z,2022-03-21T18:21:00Z,Short,14242.0,14273.75,,-31.75,-635.0,4.3,-31.75,0.0,,,
2022-03-24T18:31:00Z,2022-03-24T18:32:00Z,Long,14663.75,14648.25,,-15.5,-310.0,4.3,-15.5,0.0,,,
2022-04-04T19:32:00Z,2022-04-04T19:46:00Z,Long,15145.25,15131.0,,-14.25,-285.0,4.3,-14.25,11.0,,,
2022-04-06T17:04:00Z,2022-04-06T17:08:00Z,Short,14434.5,14451.5,,-17.0,-340.0,4.3,-17.0,0.0,,,
2022-04-06T20:17:00Z,2022-04-07T13:31:00Z,Short,14500.0,14472.25,,27.75,555.0,4.3,-9.5,27.75,,,
2022-04-13T15:01:00Z,2022-04-13T15:05:00Z,Long,14086.0,14129.75,,43.75,875.0,4.3,-5.5,43.75,,,
2022-04-13T17:25:00Z,2022-04-13T17:26:00Z,Long,14198.75,14177.25,,-21.5,-430.0,4.3,-21.5,0.0,,,
2022-04-22T15:31:00Z,2022-04-22T15:42:00Z,Short,13615.0,13563.5,,51.5,1030.0,4.3,-6.0,56.75,,,
2022-05-02T20:33:00Z,2022-05-03T13:31:00Z,Long,13054.0,13022.0,,-32.0,-640.0,4.3,-32.0,3.25,,,
2022-05-05T18:21:00Z,2022-05-05T19:05:00Z,Short,12868.75,12764.0,,104.75,2095.0,4.3,0.0,104.75,,,
2022-05-18T19:23:00Z,2022-05-18T19:38:00Z,Short,11921.0,11966.5,,-45.5,-910.0,4.3,-45.5,10.875,,,
2022-05-25T17:28:00Z,2022-05-25T17:49:00Z,Long,11829.25,11868.0,,38.75,775.0,4.3,-5.0,38.75,,,
2022-05-26T15:46:00Z,2022-05-26T15:49:00Z,Long,12225.75,12197.0,,-28.75,-575.0,4.3,-28.75,0.0,,,
2022-06-07T17:52:00Z,2022-06-07T17:56:00Z,Long,12659.5,12643.75,,-15.75,-315.0,4.3,-15.75,4.375,,,
2022-06-08T15:17:00Z,2022-06-08T15:45:00Z,Long,12752.5,12728.0,,-24.5,-490.0,4.3,-24.5,13.25,,,
2022-06-10T13:31:00Z,2022-06-10T13:32:00Z,Short,12045.5,12081.0,,-35.5,-710.0,4.3,-35.5,0.0,,,
2022-06-14T20:26:00Z,2022-06-14T20:40:00Z,Short,11303.0,11317.75,,-14.75,-295.0,4.3,-14.75,0.0,,,
2022-06-20T16:47:00Z,2022-06-20T17:00:00Z,Long,11426.0,11417.0,,-9.0,-180.0,4.3,-9.0,3.0,,,
2022-06-21T18:41:00Z,2022-06-21T18:42:00Z,Long,11600.5,11589.5,,-11.0,-220.0,4.3,-11.0,0.0,,,
2022-06-24T16:56:00Z,2022-06-24T17:41:00Z,Long,12023.0,12006.0,,-17.0,-340.0,4.3,-17.0,11.25,,,
2022-06-28T17:57:00Z,2022-06-28T17:59:00Z,Short,11755.25,11768.5,,-13.25,-265.0,4.3,-13.25,0.0,,,
2022-07-01T20:59:00Z,2022-07-04T13:31:00Z,Long,11617.0,11564.75,,-52.25,-1045.0,4.3,-52.25,0.0,,,
2022-07-07T17:45:00Z,2022-07-07T19:07:00Z,Long,12110.25,12147.75,,37.5,750.0,4.3,0.0,37.5,,,
2022-07-11T19:47:00Z,2022-07-11T20:04:00Z,Short,11883.0,11902.25,,-19.25,-385.0,4.3,-19.25,18.75,,,
2022-07-14T20:39:00Z,2022-07-15T13:31:00Z,Long,11808.25,11921.75,,113.5,2270.0,4.3,-1.75,140.25,,,
2022-07-27T17:57:00Z,2022-07-27T17:58:00Z,Long,12443.5,12431.0,,-12.5,-250.0,4.3,-12.5,0.0,,,
2022-07-27T18:01:00Z,2022-07-27T18:02:00Z,Long,12443.25,12432.0,,-11.25,-225.0,4.3,-11.25,1.25,,,
2022-07-29T16:39:00Z,2022-07-29T17:23:00Z,Long,12869.5,12907.5,,38.0,760.0,4.3,-9.0,40.5,,,
2022-08-03T17:56:00Z,2022-08-03T17:57:00Z,Long,13275.25,13262.25,,-13.0,-260.0,4.3,-13.0,0.0,,,
2022-08-03T18:17:00Z,2022-08-03T19:45:00Z,Long,13276.5,13302.75,,26.25,525.0,4.3,-11.75,30.25,,,
2022-08-12T16:11:00Z,2022-08-12T18:30:00Z,Long,13483.75,13518.25,,34.5,690.0,4.3,-6.0,34.5,,,
2022-08-15T20:43:00Z,2022-08-16T13:31:00Z,Long,13682.25,13637.0,,-45.25,-905.0,4.3,-45.25,0.0,,,
2022-08-19T20:16:00Z,2022-08-22T13:31:00Z,Short,13257.5,13082.5,,175.0,3500.0,4.3,-1.0,180.0,,,
2022-08-24T20:51:00Z,2022-08-25T13:31:00Z,Long,12956.5,12993.5,,37.0,740.0,4.3,-2.5,50.875,,,
2022-09-07T16:01:00Z,2022-09-07T16:16:00Z,Long,12152.25,12126.0,,-26.25,-525.0,4.3,-26.25,0.0,,,
2022-09-08T18:46:00Z,2022-09-08T18:47:00Z,Long,12278.5,12258.0,,-20.5,-410.0,4.3,-20.5,0.0,,,
2022-09-13T20:27:00Z,2022-09-14T13:31:00Z,Short,12028.75,12079.25,,-50.5,-1010.0,4.3,-50.5,0.0,,,
2022-09-19T14:13:00Z,2022-09-19T16:07:00Z,Long,11915.75,11851.0,,-64.75,-1295.0,4.3,-64.75,52.0,,,
2022-09-19T20:32:00Z,2022-09-20T13:31:00Z,Long,12038.75,11922.0,,-116.75,-2335.0,4.3,-116.75,17.5,,,
2022-09-29T20:34:00Z,2022-09-30T13:31:00Z,Short,11226.0,11194.75,,31.25,625.0,4.3,-8.0,31.25,,,
2022-10-04T16:06:00Z,2022-10-04T16:07:00Z,Long,11659.25,11636.5,,-22.75,-455.0,4.3,-22.75,0.0,,,
2022-10-04T18:46:00Z,2022-10-04T18:51:00Z,Long,11611.0,11638.0,,27.0,540.0,4.3,0.0,27.25,,,
2022-10-04T19:28:00Z,2022-10-05T13:31:00Z,Long,11620.25,11499.75,,-120.5,-2410.0,4.3,-120.5,40.75,,,
2022-10-13T18:44:00Z,2022-10-13T18:58:00Z,Long,11060.75,11108.25,,47.5,950.0,4.3,-1.5,47.5,,,
2022-10-14T13:31:00Z,2022-10-14T13:32:00Z,Long,11185.0,11169.0,,-16.0,-320.0,4.3,-16.0,0.0,,,
2022-10-14T19:14:00Z,2022-10-14T19:35:00Z,Short,10775.5,10803.5,,-28.0,-560.0,4.3,-28.0,14.75,,,
2022-10-28T19:21:00Z,2022-10-28T19:55:00Z,Long,11573.5,11604.75,,31.25,625.0,4.3,-2.25,31.25,,,
2022-11-09T15:36:00Z,2022-11-09T16:44:00Z,Short,10964.75,11010.0,,-45.25,-905.0,4.3,-45.25,27.75,,,
2022-11-09T18:24:00Z,2022-11-09T18:33:00Z,Short,10932.5,10885.0,,47.5,950.0,4.3,0.0,51.0,,,
2022-11-10T19:29:00Z,2022-11-10T19:32:00Z,Long,11510.75,11493.0,,-17.75,-355.0,4.3,-17.75,0.0,,,
2022-11-10T19:39:00Z,2022-11-10T19:41:00Z,Long,11510.75,11499.5,,-11.25,-225.0,4.3,-11.25,0.0,,,
2022-11-11T17:51:00Z,2022-11-11T17:57:00Z,Long,11748.0,11774.75,,26.75,535.0,4.3,-4.25,26.75,,,
2022-11-18T16:39:00Z,2022-11-18T17:25:00Z,Short,11678.5,11611.75,,66.75,1335.0,4.3,-9.625,70.0,,,
2022-11-21T14:31:00Z,2022-11-21T14:32:00Z,Short,11672.0,11691.5,,-19.5,-390.0,4.3,-19.5,0.0,,,
2022-11-22T19:38:00Z,2022-11-22T20:51:00Z,Long,11700.5,11741.5,,41.0,820.0,4.3,-19.0,41.0,,,
2022-12-15T19:16:00Z,2022-12-15T19:31:00Z,Short,11310.5,11325.75,,-15.25,-305.0,4.3,-15.25,1.5,,,
2022-12-16T18:31:00Z,2022-12-16T18:33:00Z,Short,11283.0,11296.75,,-13.75,-275.0,4.3,-13.75,0.0,,,
2023-01-03T19:31:00Z,2023-01-03T19:45:00Z,Short,10898.5,10919.0,,-20.5,-410.0,4.3,-20.5,19.25,,,
2023-01-16T17:51:00Z,2023-01-17T14:31:00Z,Short,11567.0,11606.25,,-39.25,-785.0,4.3,-39.75,4.25,,,
2023-01-18T20:30:00Z,2023-01-18T20:43:00Z,Short,11516.25,11489.5,,26.75,535.0,4.3,0.0,26.75,,,
2023-01-24T18:19:00Z,2023-01-24T20:34:00Z,Long,11910.75,11885.5,,-25.25,-505.0,4.3,-25.25,24.375,,,
2023-01-26T14:31:00Z,2023-01-26T14:32:00Z,Long,12038.0,12037.5,,-0.5,-10.0,4.3,-0.5,15.25,,,
2023-01-30T19:56:00Z,2023-01-30T20:00:00Z,Short,11985.5,12003.0,,-17.5,-350.0,4.3,-17.5,0.0,,,
2023-02-02T17:21:00Z,2023-02-02T18:03:00Z,Long,12803.25,12848.5,,45.25,905.0,4.3,-1.0,50.25,,,
2023-02-14T18:56:00Z,2023-02-14T19:01:00Z,Long,12597.25,12574.0,,-23.25,-465.0,4.3,-23.25,0.0,,,
2023-02-14T19:21:00Z,2023-02-14T20:26:00Z,Long,12598.25,12641.75,,43.5,870.0,4.3,-13.0,43.5,,,
2023-02-14T20:32:00Z,2023-02-14T21:06:00Z,Long,12640.75,12607.5,,-33.25,-665.0,4.3,-33.25,15.5,,,
2023-02-21T19:01:00Z,2023-02-21T19:20:00Z,Short,12133.25,12112.75,,20.5,410.0,4.3,0.0,24.0,,,
2023-02-21T19:37:00Z,2023-02-21T19:46:00Z,Short,12124.0,12142.0,,-18.0,-360.0,4.3,-18.0,2.75,,,
2023-03-02T14:31:00Z,2023-03-02T14:32:00Z,Short,11863.75,11866.0,,-2.25,-45.0,4.3,-2.25,2.0,,,
2023-03-02T18:36:00Z,2023-03-02T18:37:00Z,Long,11954.25,11950.75,,-3.5,-70.0,4.3,-3.5,23.25,,,
2023-03-03T16:31:00Z,2023-03-03T16:39:00Z,Long,12203.5,12191.25,,-12.25,-245.0,4.3,-12.25,5.75,,,
2023-03-03T16:51:00Z,2023-03-03T16:59:00Z,Long,12205.5,12230.25,,24.75,495.0,4.3,-2.25,24.75,,,
2023-03-15T19:08:00Z,2023-03-15T19:11:00Z,Long,12258.25,12211.25,,-47.0,-940.0,4.3,-47.0,0.0,,,
2023-03-16T18:11:00Z,2023-03-16T18:15:00Z,Long,12531.0,12514.25,,-16.75,-335.0,4.3,-16.75,0.0,,,
2023-03-20T20:26:00Z,2023-03-20T20:31:00Z,Long,12696.25,12689.75,,-6.5,-130.0,4.3,-6.5,0.0,,,
2023-03-22T15:31:00Z,2023-03-22T16:12:00Z,Long,12923.25,12901.0,,-22.25,-445.0,4.3,-22.25,20.5,,,
2023-03-29T17:28:00Z,2023-03-29T17:36:00Z,Long,12930.0,12905.0,,-25.0,-500.0,4.3,-25.0,5.375,,,
2023-03-31T14:28:00Z,2023-03-31T14:36:00Z,Long,13155.5,13175.5,,20.0,400.0,4.3,-6.375,24.5,,,
2023-04-12T16:36:00Z,2023-04-12T16:48:00Z,Short,13074.25,13086.0,,-11.75,-235.0,4.3,-11.75,7.875,,,
2023-04-12T16:51:00Z,2023-04-12T16:56:00Z,Short,13069.25,13086.25,,-17.0,-340.0,4.3,-17.0,2.25,,,
2023-04-13T19:19:00Z,2023-04-13T19:47:00Z,Long,13213.5,13227.25,,13.75,275.0,4.3,-7.25,13.75,,,
2023-04-20T14:52:00Z,2023-04-20T15:02:00Z,Long,13147.0,13124.75,,-22.25,-445.0,4.3,-22.25,0.5,,,
2023-04-25T14:11:00Z,2023-04-25T16:34:00Z,Short,12961.0,12900.0,,61.0,1220.0,4.3,-10.75,67.5,,,
2023-05-03T18:39:00Z,2023-05-03T18:52:00Z,Long,13248.75,13202.0,,-46.75,-935.0,4.3,-46.75,47.75,,,
2023-05-09T16:31:00Z,2023-05-09T16:32:00Z,Short,13261.25,13267.5,,-6.25,-125.0,4.3,-6.25,0.0,,,
2023-05-11T14:34:00Z,2023-05-11T14:48:00Z,Short,13375.0,13404.5,,-29.5,-590.0,4.3,-29.75,11.25,,,
2023-05-23T14:40:00Z,2023-05-23T14:43:00Z,Long,13865.0,13851.75,,-13.25,-265.0,4.3,-13.25,0.0,,,
2023-06-08T16:19:00Z,2023-06-08T16:48:00Z,Long,14501.25,14478.0,,-23.25,-465.0,4.3,-23.25,19.875,,,
2023-06-08T20:30:00Z,2023-06-08T20:47:00Z,Long,14505.75,14525.0,,19.25,385.0,4.3,0.0,19.25,,,
2023-06-22T18:52:00Z,2023-06-22T19:31:00Z,Long,15167.25,15151.0,,-16.25,-325.0,4.3,-16.25,22.25,,,
2023-06-22T19:38:00Z,2023-06-22T20:00:00Z,Long,15176.5,15215.5,,39.0,780.0,4.3,0.0,39.0,,,
2023-06-29T19:44:00Z,2023-06-29T19:49:00Z,Short,15069.0,15085.25,,-16.25,-325.0,4.3,-16.25,4.5,,,
2023-07-18T15:36:00Z,2023-07-18T15:38:00Z,Short,15788.25,15803.5,,-15.25,-305.0,4.3,-15.25,0.0,,,
2023-07-25T20:24:00Z,2023-07-26T13:31:00Z,Long,15721.5,15637.0,,-84.5,-1690.0,4.3,-84.5,6.75,,,
2023-07-26T18:01:00Z,2023-07-26T18:02:00Z,Short,15554.5,15583.0,,-28.5,-570.0,4.3,-28.5,0.0,,,
2023-07-27T20:48:00Z,2023-07-27T20:55:00Z,Short,15583.25,15588.25,,-5.0,-100.0,4.3,-5.0,0.0,,,
2023-07-31T13:31:00Z,2023-07-31T13:32:00Z,Long,15867.25,15873.0,,5.75,115.0,4.3,0.0,8.25,,,
2023-08-03T16:27:00Z,2023-08-03T18:00:00Z,Long,15479.75,15452.0,,-27.75,-555.0,4.3,-27.75,40.75,,,
2023-08-16T14:11:00Z,2023-08-16T14:12:00Z,Long,15123.5,15118.75,,-4.75,-95.0,4.3,-5.25,0.0,,,
2023-08-18T14:36:00Z,2023-08-18T16:11:00Z,Long,14678.0,14750.75,,72.75,1455.0,4.3,-21.75,72.75,,,
2023-08-28T14:42:00Z,2023-08-28T14:54:00Z,Short,15036.75,15008.25,,28.5,570.0,4.3,-7.75,29.25,,,
2023-08-29T19:56:00Z,2023-08-30T13:33:00Z,Long,15409.75,15440.0,,30.25,605.0,4.3,-3.0,31.25,,,
2023-09-15T20:21:00Z,2023-09-18T13:31:00Z,Short,15389.25,15368.75,,20.5,410.0,4.3,-5.25,22.25,,,
2023-09-20T18:51:00Z,2023-09-20T18:57:00Z,Short,15297.25,15336.75,,-39.5,-790.0,4.3,-39.5,0.0,,,
2023-09-29T16:43:00Z,2023-09-29T16:49:00Z,Short,14927.5,14900.75,,26.75,535.0,4.3,-9.5,27.5,,,
2023-10-10T16:54:00Z,2023-10-10T16:56:00Z,Long,15373.0,15357.0,,-16.0,-320.0,4.3,-16.0,0.0,,,
2023-10-10T18:20:00Z,2023-10-10T18:23:00Z,Long,15296.0,15279.25,,-16.75,-335.0,4.3,-16.75,0.0,,,
2023-10-10T19:46:00Z,2023-10-10T19:47:00Z,Long,15294.75,15287.5,,-7.25,-145.0,4.3,-7.25,0.0,,,
2023-10-10T19:51:00Z,2023-10-10T19:52:00Z,Long,15294.0,15285.5,,-8.5,-170.0,4.3,-8.5,0.0,,,
2023-10-12T15:01:00Z,2023-10-12T15:02:00Z,Long,15430.75,15413.5,,-17.25,-345.0,4.3,-17.25,0.0,,,
2023-10-12T15:11:00Z,2023-10-12T15:31:00Z,Long,15432.5,15413.0,,-19.5,-390.0,4.3,-19.5,24.75,,,
2023-10-13T18:47:00Z,2023-10-13T18:53:00Z,Short,15100.25,15121.0,,-20.75,-415.0,4.3,-20.75,0.0,,,
2023-10-16T15:16:00Z,2023-10-16T15:17:00Z,Long,15311.5,15292.75,,-18.75,-375.0,4.3,-18.75,0.0,,,
2023-10-16T19:06:00Z,2023-10-16T20:00:00Z,Long,15319.75,15293.25,,-26.5,-530.0,4.3,-26.5,12.5,,,
2023-10-18T14:17:00Z,2023-10-18T14:21:00Z,Long,15171.25,15214.5,,43.25,865.0,4.3,0.0,46.0,,,
2023-10-25T20:17:00Z,2023-10-25T20:18:00Z,Short,14465.5,14519.75,,-54.25,-1085.0,4.3,-54.25,0.0,,,
2023-10-25T20:35:00Z,2023-10-26T13:31:00Z,Short,14466.5,14399.0,,67.5,1350.0,4.3,-19.0,67.5,,,
2023-10-30T19:31:00Z,2023-10-30T19:41:00Z,Long,14453.5,14435.0,,-18.5,-370.0,4.3,-18.5,0.0,,,
2023-11-01T18:24:00Z,2023-11-01T18:35:00Z,Long,14612.5,14659.0,,46.5,930.0,4.3,-11.0,49.0,,,
2023-11-01T18:41:00Z,2023-11-01T18:42:00Z,Long,14619.75,14580.0,,-39.75,-795.0,4.3,-39.75,0.0,,,
2023-11-07T16:46:00Z,2023-11-07T16:48:00Z,Long,15393.5,15361.0,,-32.5,-650.0,4.3,-32.5,0.0,,,
2023-11-07T17:52:00Z,2023-11-07T18:38:00Z,Long,15363.25,15403.25,,40.0,800.0,4.3,-6.5,40.0,,,
2023-11-08T14:31:00Z,2023-11-08T14:32:00Z,Long,15387.75,15382.75,,-5.0,-100.0,4.3,-5.0,0.0,,,
2023-11-15T15:11:00Z,2023-11-15T15:25:00Z,Short,15917.75,15954.75,,-37.0,-740.0,4.3,-37.0,0.0,,,
2023-11-21T21:47:00Z,2023-11-22T14:31:00Z,Short,15966.75,16101.5,,-134.75,-2695.0,4.3,-134.75,0.0,,,
2023-12-05T15:42:00Z,2023-12-05T16:18:00Z,Long,15925.0,15886.25,,-38.75,-775.0,4.3,-38.75,35.0,,,
2023-12-06T15:20:00Z,2023-12-06T15:25:00Z,Short,15943.0,15895.25,,47.75,955.0,4.3,-0.5,49.625,,,
2023-12-08T18:48:00Z,2023-12-08T19:20:00Z,Long,16079.5,16101.0,,21.5,430.0,4.3,0.0,21.5,,,
2023-12-27T18:46:00Z,2023-12-27T19:00:00Z,Long,17116.25,17104.25,,-12.0,-240.0,4.3,-12.0,4.75,,,
2023-12-28T19:51:00Z,2023-12-28T20:13:00Z,Short,17117.0,17101.0,,16.0,320.0,4.3,-0.25,20.5,,,
2023-12-29T21:46:00Z,2024-01-02T14:31:00Z,Short,17008.5,16870.0,,138.5,2770.0,4.3,-2.125,139.5,,,
2024-01-18T21:19:00Z,2024-01-19T14:31:00Z,Long,17114.5,17183.5,,69.0,1380.0,4.3,-0.25,70.0,,,
2024-02-12T14:35:00Z,2024-02-12T14:35:00Z,Long,18045.75,18045.25,,-0.5,-10.0,4.3,-0.5,0.0,,,
2024-02-13T14:31:00Z,2024-02-13T14:32:00Z,Short,17616.5,17626.0,,-9.5,-190.0,4.3,-9.5,0.0,,,
2024-03-04T15:28:00Z,2024-03-04T15:35:00Z,Short,18291.0,18308.0,,-17.0,-340.0,4.3,-17.0,8.25,,,
2024-03-05T16:11:00Z,2024-03-05T16:18:00Z,Short,17931.25,17942.5,,-11.25,-225.0,4.3,-11.25,14.0,,,
2024-03-05T16:39:00Z,2024-03-05T17:05:00Z,Short,17928.25,17948.25,,-20.0,-400.0,4.3,-20.0,16.25,,,
2024-03-05T20:21:00Z,2024-03-05T20:45:00Z,Short,17849.5,17876.25,,-26.75,-535.0,4.3,-26.75,15.25,,,
2024-03-12T20:12:00Z,2024-03-13T13:31:00Z,Long,18226.0,18162.25,,-63.75,-1275.0,4.3,-63.75,3.875,,,
2024-03-25T15:01:00Z,2024-03-25T15:49:00Z,Long,18525.75,18548.25,,22.5,450.0,4.3,-6.25,23.25,,,
2024-03-27T17:21:00Z,2024-03-27T18:22:00Z,Short,18431.75,18450.25,,-18.5,-370.0,4.3,-18.5,16.375,,,
2024-04-03T14:12:00Z,2024-04-03T14:13:00Z,Long,18351.5,18343.0,,-8.5,-170.0,4.3,-8.5,3.25,,,
2024-04-03T14:13:00Z,2024-04-16T19:26:00Z,Short,18353.5,17942.25,,411.25,8225.0,4.3,-211.875,524.25,,,
2024-04-16T19:34:00Z,2024-04-23T18:36:00Z,Short,17914.5,17645.5,,269.0,5380.0,4.3,-37.75,793.375,,,
2024-04-23T18:52:00Z,2024-04-23T20:04:00Z,Short,17632.75,17630.5,,2.25,45.0,4.3,-12.75,38.125,,,
2024-04-23T20:05:00Z,2024-04-23T20:23:00Z,Short,17622.0,17647.5,,-25.5,-510.0,4.3,-25.5,0.0,,,
2024-04-24T13:31:00Z,2024-04-25T13:32:00Z,Short,17727.5,17359.25,,368.25,7365.0,4.3,-61.25,403.25,,,
2024-04-25T13:31:00Z,2024-04-26T15:16:00Z,Short,17349.0,17835.0,,-486.0,-9720.0,4.3,-535.25,35.5,,,
2024-04-26T15:49:00Z,2024-04-26T15:56:00Z,Short,17871.25,17853.0,,18.25,365.0,4.3,-0.25,22.5,,,
2024-04-29T13:31:00Z,2024-04-30T14:11:00Z,Short,17911.5,17870.5,,41.0,820.0,4.3,-31.75,114.0,,,
2024-04-30T14:13:00Z,2024-05-08T16:28:00Z,Short,17846.0,18184.75,,-338.75,-6775.0,4.3,-415.25,445.0,,,
2024-05-08T16:36:00Z,2024-05-08T17:46:00Z,Short,18160.25,18171.0,,-10.75,-215.0,4.3,-21.25,17.0,,,
2024-05-21T16:06:00Z,2024-05-21T16:13:00Z,Long,18749.25,18764.0,,14.75,295.0,4.3,-1.5,14.75,,,
2024-05-21T16:47:00Z,2024-05-21T16:59:00Z,Long,18752.5,18738.5,,-14.0,-280.0,4.3,-14.0,3.75,,,
2024-05-24T19:56:00Z,2024-05-24T19:57:00Z,Long,18870.0,18857.0,,-13.0,-260.0,4.3,-13.0,0.0,,,
2024-05-24T20:06:00Z,2024-05-27T13:32:00Z,Long,18871.0,18891.75,,20.75,415.0,4.3,-4.25,21.25,,,
2024-06-05T19:37:00Z,2024-06-05T19:45:00Z,Long,19048.0,19039.5,,-8.5,-170.0,4.3,-8.5,4.0,,,
2024-06-19T14:26:00Z,2024-06-19T14:28:00Z,Short,19962.5,19959.0,,3.5,70.0,4.3,0.0,3.5,,,
2024-06-25T19:17:00Z,2024-06-25T19:29:00Z,Long,19950.75,19966.25,,15.5,310.0,4.3,0.0,25.0,,,
2024-06-26T18:16:00Z,2024-06-26T18:40:00Z,Long,19978.5,19958.0,,-20.5,-410.0,4.3,-20.5,0.0,,,
2024-06-26T18:49:00Z,2024-06-26T18:56:00Z,Long,19977.5,19959.75,,-17.75,-355.0,4.3,-17.75,4.25,,,
2024-06-27T17:26:00Z,2024-06-27T18:00:00Z,Long,20048.5,20034.25,,-14.25,-285.0,4.3,-14.25,15.5,,,
2024-07-03T14:11:00Z,2024-07-03T14:27:00Z,Long,20272.5,20250.0,,-22.5,-450.0,4.3,-22.5,15.75,,,
2024-07-03T14:44:00Z,2024-07-03T15:16:00Z,Long,20302.75,20342.75,,40.0,800.0,4.3,-5.5,42.0,,,
2024-07-10T18:36:00Z,2024-07-10T18:47:00Z,Long,20873.75,20891.75,,18.0,360.0,4.3,-6.75,18.0,,,
2024-07-26T14:19:00Z,2024-07-26T14:21:00Z,Short,19068.75,19118.75,,-50.0,-1000.0,4.3,-50.0,0.0,,,
2024-07-31T20:17:00Z,2024-08-01T13:35:00Z,Long,19568.5,19558.5,,-10.0,-200.0,4.3,-37.75,29.0,,,
2024-08-21T20:40:00Z,2024-08-22T13:31:00Z,Long,19922.5,19988.75,,66.25,1325.0,4.3,-9.0,100.75,,,
2024-08-28T14:41:00Z,2024-08-28T14:50:00Z,Short,19538.0,19477.75,,60.25,1205.0,4.3,0.0,68.0,,,
2024-08-30T17:57:00Z,2024-08-30T18:00:00Z,Short,19453.25,19440.0,,13.25,265.0,4.3,0.0,13.25,,,
2024-08-30T18:12:00Z,2024-08-30T18:13:00Z,Short,19454.75,19475.75,,-21.0,-420.0,4.3,-21.0,0.0,,,
2024-09-03T15:41:00Z,2024-09-03T16:47:00Z,Short,19183.75,19135.25,,48.5,970.0,4.3,-15.0,48.5,,,
2024-09-11T20:48:00Z,2024-09-11T20:51:00Z,Long,19249.5,19243.75,,-5.75,-115.0,4.3,-5.75,0.0,,,
2024-09-12T19:36:00Z,2024-09-12T19:41:00Z,Long,19454.5,19439.75,,-14.75,-295.0,4.3,-14.75,0.0,,,
2024-09-13T14:24:00Z,2024-09-13T14:29:00Z,Long,19510.75,19471.25,,-39.5,-790.0,4.3,-39.5,11.75,,,
2024-09-13T14:45:00Z,2024-09-16T13:31:00Z,Long,19524.0,19405.75,,-118.25,-2365.0,4.3,-118.25,50.25,,,
2024-09-18T14:21:00Z,2024-09-18T14:30:00Z,Short,19426.0,19464.75,,-38.75,-775.0,4.3,-38.75,4.0,,,
2024-09-25T15:38:00Z,2024-09-25T15:45:00Z,Long,20232.75,20212.5,,-20.25,-405.0,4.3,-20.25,7.25,,,
2024-09-25T19:06:00Z,2024-09-25T19:09:00Z,Long,20198.5,20186.5,,-12.0,-240.0,4.3,-12.0,0.0,,,
2024-09-26T17:01:00Z,2024-09-26T17:17:00Z,Short,20246.0,20212.5,,33.5,670.0,4.3,-13.125,33.5,,,
2024-10-08T18:36:00Z,2024-10-08T18:38:00Z,Long,20242.0,20253.0,,11.0,220.0,4.3,0.0,14.125,,,
2024-10-09T19:26:00Z,2024-10-09T20:20:00Z,Long,20442.25,20418.0,,-24.25,-485.0,4.3,-24.25,32.75,,,
2024-10-17T20:34:00Z,2024-10-18T13:31:00Z,Short,20382.25,20452.75,,-70.5,-1410.0,4.3,-70.5,0.0,,,
2024-10-22T17:31:00Z,2024-10-22T17:38:00Z,Long,20506.75,20533.25,,26.5,530.0,4.3,-2.0,26.5,,,
2024-11-01T19:01:00Z,2024-11-01T19:02:00Z,Long,20169.5,20156.5,,-13.0,-260.0,4.3,-13.0,0.0,,,
2024-11-01T19:42:00Z,2024-11-01T19:50:00Z,Long,20171.5,20155.5,,-16.0,-320.0,4.3,-16.0,13.75,,,
2024-11-08T21:11:00Z,2024-11-11T14:31:00Z,Long,21229.75,21272.25,,42.5,850.0,4.3,-4.5,45.25,,,
2024-11-19T15:15:00Z,2024-11-19T15:16:00Z,Long,20576.75,20539.75,,-37.0,-740.0,4.3,-37.0,0.0,,,
2024-11-27T21:27:00Z,2024-11-28T14:31:00Z,Short,20807.25,20890.0,,-82.75,-1655.0,4.3,-82.75,8.5,,,
2024-12-24T14:31:00Z,2024-12-24T14:32:00Z,Long,21805.75,21810.0,,4.25,85.0,4.3,0.0,10.5,,,
2024-12-31T18:58:00Z,2024-12-31T19:09:00Z,Short,21219.5,21249.5,,-30.0,-600.0,4.3,-30.0,20.625,,,
2024-12-31T19:21:00Z,2024-12-31T19:54:00Z,Short,21214.5,21250.25,,-35.75,-715.0,4.3,-35.75,29.75,,,
2025-01-06T18:31:00Z,2025-01-06T18:34:00Z,Long,21788.25,21762.5,,-25.75,-515.0,4.3,-25.75,0.0,,,
2025-01-16T19:51:00Z,2025-01-16T19:54:00Z,Short,21340.25,21359.0,,-18.75,-375.0,4.3,-18.75,1.25,,,
2025-01-31T21:31:00Z,2025-02-03T14:31:00Z,Short,21562.5,21220.0,,342.5,6850.0,4.3,-13.125,356.75,,,
2025-02-03T16:21:00Z,2025-02-03T16:30:00Z,Long,21447.75,21394.25,,-53.5,-1070.0,4.3,-53.5,8.25,,,
2025-02-03T16:49:00Z,2025-02-03T16:57:00Z,Long,21454.0,21396.5,,-57.5,-1150.0,4.3,-57.5,2.75,,,
2025-02-04T19:06:00Z,2025-02-04T19:22:00Z,Long,21646.0,21678.0,,32.0,640.0,4.3,0.0,32.0,,,
2025-02-07T21:16:00Z,2025-02-10T14:31:00Z,Short,21584.75,21757.0,,-172.25,-3445.0,4.3,-172.25,9.625,,,
2025-02-11T15:16:00Z,2025-02-11T15:46:00Z,Long,21806.0,21851.5,,45.5,910.0,4.3,-14.75,47.0,,,
2025-02-13T17:56:00Z,2025-02-13T17:59:00Z,Long,21984.75,21958.0,,-26.75,-535.0,4.3,-26.75,0.0,,,
2025-02-21T20:52:00Z,2025-02-24T14:31:00Z,Short,21679.0,21748.25,,-69.25,-1385.0,4.3,-69.25,22.5,,,
2025-02-25T20:37:00Z,2025-02-25T20:54:00Z,Short,21185.25,21143.25,,42.0,840.0,4.3,-5.0,57.25,,,
2025-03-05T20:02:00Z,2025-03-05T20:18:00Z,Long,20691.5,20621.75,,-69.75,-1395.0,4.3,-69.75,31.5,,,
2025-03-05T20:29:00Z,2025-03-05T20:34:00Z,Long,20693.5,20644.25,,-49.25,-985.0,4.3,-49.25,0.0,,,
2025-03-05T21:58:00Z,2025-03-06T14:31:00Z,Long,20612.75,20279.75,,-333.0,-6660.0,4.3,-333.0,4.5,,,
2025-03-07T21:56:00Z,2025-03-07T21:59:00Z,Long,20207.5,20198.5,,-9.0,-180.0,4.3,-9.0,0.0,,,
2025-03-10T20:58:00Z,2025-03-11T13:31:00Z,Short,19469.5,19444.0,,25.5,510.0,4.3,-9.5,34.5,,,
2025-03-13T16:47:00Z,2025-03-13T16:49:00Z,Short,19284.25,19243.0,,41.25,825.0,4.3,0.0,41.25,,,
2025-03-18T17:58:00Z,2025-03-18T18:26:00Z,Short,19490.25,19523.5,,-33.25,-665.0,4.3,-33.25,33.75,,,
2025-04-03T20:17:00Z,2025-04-04T13:31:00Z,Short,18672.75,18224.0,,448.75,8975.0,4.3,-4.375,482.375,,,
2025-04-11T20:18:00Z,2025-04-14T13:31:00Z,Long,18826.75,19210.75,,384.0,7680.0,4.3,-19.0,411.25,,,
2025-04-23T14:26:00Z,2025-04-23T15:21:00Z,Long,19076.5,18995.25,,-81.25,-1625.0,4.3,-81.25,84.375,,,
2025-04-24T16:14:00Z,2025-04-24T16:35:00Z,Long,19185.5,19247.5,,62.0,1240.0,4.3,0.0,63.25,,,
2025-05-21T14:21:00Z,2025-05-21T14:27:00Z,Long,21408.5,21382.25,,-26.25,-525.0,4.3,-26.25,0.0,,,
2025-05-21T14:32:00Z,2025-05-21T14:33:00Z,Long,21408.5,21385.5,,-23.0,-460.0,4.3,-23.0,0.0,,,
2025-05-29T20:54:00Z,2025-05-30T13:35:00Z,Short,21378.75,21342.5,,36.25,725.0,4.3,-6.875,41.5,,,
2025-06-03T14:46:00Z,2025-06-03T15:00:00Z,Long,21620.0,21659.25,,39.25,785.0,4.3,0.0,41.0,,,
2025-06-04T17:51:00Z,2025-06-04T19:41:00Z,Long,21778.75,21764.0,,-14.75,-295.0,4.3,-14.75,20.375,,,
2025-06-18T15:48:00Z,2025-06-18T15:59:00Z,Long,21835.5,21813.25,,-22.25,-445.0,4.3,-22.25,15.75,,,
2025-06-18T16:09:00Z,2025-06-18T16:17:00Z,Long,21837.75,21820.75,,-17.0,-340.0,4.3,-17.0,0.0,,,
2025-06-30T18:11:00Z,2025-06-30T18:21:00Z,Short,22811.25,22839.0,,-27.75,-555.0,4.3,-27.75,0.75,,,
2025-06-30T18:32:00Z,2025-06-30T18:57:00Z,Short,22810.0,22839.25,,-29.25,-585.0,4.3,-29.25,22.25,,,
2025-07-10T13:31:00Z,2025-07-10T13:33:00Z,Long,23079.75,23041.75,,-38.0,-760.0,4.3,-38.0,0.0,,,
2025-07-17T17:54:00Z,2025-07-17T18:01:00Z,Long,23263.5,23276.75,,13.25,265.0,4.3,-2.25,13.25,,,
2025-07-17T19:31:00Z,2025-07-17T19:56:00Z,Long,23266.5,23252.0,,-14.5,-290.0,4.3,-14.5,4.75,,,
2025-07-21T15:26:00Z,2025-07-21T15:58:00Z,Long,23395.0,23382.75,,-12.25,-245.0,4.3,-12.25,7.75,,,
2025-07-28T14:41:00Z,2025-07-28T14:46:00Z,Long,23509.5,23496.5,,-13.0,-260.0,4.3,-13.0,7.25,,,
2025-07-30T18:27:00Z,2025-07-30T18:37:00Z,Long,23552.75,23586.5,,33.75,675.0,4.3,-0.25,33.75,,,
2025-07-30T18:44:00Z,2025-07-30T18:49:00Z,Long,23552.25,23518.0,,-34.25,-685.0,4.3,-34.25,3.625,,,
2025-07-31T14:28:00Z,2025-07-31T15:11:00Z,Short,23623.25,23532.75,,90.5,1810.0,4.3,-27.25,92.75,,,
2025-07-31T20:26:00Z,2025-07-31T20:31:00Z,Short,23311.5,23374.5,,-63.0,-1260.0,4.3,-63.0,0.0,,,
2025-07-31T20:54:00Z,2025-08-01T13:31:00Z,Short,23333.0,23090.0,,243.0,4860.0,4.3,-1.5,292.25,,,
2025-08-01T20:32:00Z,2025-08-04T13:31:00Z,Short,22876.25,23099.0,,-222.75,-4455.0,4.3,-222.75,8.5,,,
2025-08-07T16:16:00Z,2025-08-07T16:41:00Z,Short,23496.25,23450.25,,46.0,920.0,4.3,-16.875,50.25,,,
2025-08-08T16:41:00Z,2025-08-08T16:51:00Z,Long,23694.75,23685.0,,-9.75,-195.0,4.3,-9.75,5.0,,,
2025-08-08T18:53:00Z,2025-08-08T19:31:00Z,Long,23715.5,23702.0,,-13.5,-270.0,4.3,-13.5,2.75,,,
2025-08-12T19:29:00Z,2025-08-12T19:38:00Z,Long,23922.75,23939.75,,17.0,340.0,4.3,0.0,18.75,,,
2025-08-12T20:36:00Z,2025-08-13T13:31:00Z,Long,23939.75,24029.0,,89.25,1785.0,4.3,-5.0,91.75,,,
2025-08-18T13:31:00Z,2025-08-18T13:32:00Z,Short,23777.75,23800.0,,-22.25,-445.0,4.3,-22.25,0.0,,,
2025-08-25T14:48:00Z,2025-08-25T15:13:00Z,Long,23555.5,23590.25,,34.75,695.0,4.3,-10.75,34.75,,,
2025-08-27T15:01:00Z,2025-08-27T15:05:00Z,Long,23606.25,23591.75,,-14.5,-290.0,4.3,-14.5,0.0,,,
2025-09-02T14:29:00Z,2025-09-02T14:43:00Z,Long,23238.75,23186.75,,-52.0,-1040.0,4.3,-52.0,23.5,,,
2025-09-03T18:36:00Z,2025-09-03T18:46:00Z,Short,23333.25,23352.5,,-19.25,-385.0,4.3,-19.25,11.75,,,
2025-09-03T18:51:00Z,2025-09-03T19:06:00Z,Short,23331.0,23350.5,,-19.5,-390.0,4.3,-19.5,0.0,,,
2025-09-12T17:46:00Z,2025-09-12T17:53:00Z,Long,24106.25,24118.75,,12.5,250.0,4.3,0.0,12.5,,,
2025-09-12T20:56:00Z,2025-09-12T20:59:00Z,Long,24114.75,24110.75,,-4.0,-80.0,4.3,-4.0,0.0,,,
2025-09-22T19:26:00Z,2025-09-22T19:37:00Z,Long,25017.0,25003.75,,-13.25,-265.0,4.3,-13.25,2.0,,,
2025-09-23T14:59:00Z,2025-09-23T15:13:00Z,Short,24942.75,24961.0,,-18.25,-365.0,4.3,-18.25,6.75,,,
2025-09-23T15:41:00Z,2025-09-23T15:48:00Z,Short,24938.0,24959.5,,-21.5,-430.0,4.3,-21.5,6.25,,,
2025-10-02T18:01:00Z,2025-10-02T18:12:00Z,Short,25084.75,25100.25,,-15.5,-310.0,4.3,-15.5,2.25,,,
2025-10-03T19:51:00Z,2025-10-03T19:54:00Z,Short,24997.5,25011.0,,-13.5,-270.0,4.3,-13.5,0.0,,,
2025-10-08T18:03:00Z,2025-10-08T18:06:00Z,Long,25281.0,25266.5,,-14.5,-290.0,4.3,-14.5,1.0,,,
2025-10-17T13:31:00Z,2025-10-17T13:35:00Z,Short,24704.5,24788.75,,-84.25,-1685.0,4.3,-84.25,0.0,,,
2025-10-23T16:51:00Z,2025-10-23T17:09:00Z,Long,25228.0,25198.5,,-29.5,-590.0,4.3,-29.5,17.25,,,
2025-10-23T20:21:00Z,2025-10-24T13:31:00Z,Long,25270.0,25433.0,,163.0,3260.0,4.3,-3.625,167.25,,,
2025-10-24T16:48:00Z,2025-10-24T17:50:00Z,Long,25544.25,25567.25,,23.0,460.0,4.3,-4.0,23.0,,,
2025-10-27T17:17:00Z,2025-10-27T17:21:00Z,Long,25911.25,25901.5,,-9.75,-195.0,4.3,-9.75,0.0,,,
2025-10-29T19:36:00Z,2025-10-29T19:41:00Z,Short,26165.5,26215.5,,-50.0,-1000.0,4.3,-50.0,4.5,,,
2025-11-03T21:36:00Z,2025-11-04T14:31:00Z,Short,26112.0,25742.0,,370.0,7400.0,4.3,-7.25,381.5,,,
2025-11-05T16:26:00Z,2025-11-05T16:47:00Z,Long,25722.25,25770.25,,48.0,960.0,4.3,0.0,48.5,,,
2025-11-13T20:26:00Z,2025-11-13T20:30:00Z,Short,25037.0,25074.0,,-37.0,-740.0,4.3,-37.0,1.75,,,
2025-11-20T20:14:00Z,2025-11-20T20:17:00Z,Short,24268.75,24331.0,,-62.25,-1245.0,4.3,-62.25,0.0,,,
2025-12-01T16:21:00Z,2025-12-01T17:45:00Z,Long,25372.0,25478.75,,106.75,2135.0,4.3,-4.5,109.25,,,
2025-12-01T18:51:00Z,2025-12-01T18:57:00Z,Long,25478.25,25489.0,,10.75,215.0,4.3,0.0,11.25,,,
2025-12-03T18:01:00Z,2025-12-03T18:21:00Z,Long,25628.5,25612.75,,-15.75,-315.0,4.3,-15.75,5.75,,,
2025-12-08T18:31:00Z,2025-12-08T18:32:00Z,Short,25618.0,25632.25,,-14.25,-285.0,4.3,-14.25,0.0,,,
2025-12-09T15:41:00Z,2025-12-09T16:03:00Z,Long,25653.25,25696.0,,42.75,855.0,4.3,-14.75,44.5,,,
2025-12-09T20:41:00Z,2025-12-09T20:42:00Z,Long,25704.75,25695.75,,-9.0,-180.0,4.3,-9.0,0.0,,,
2025-12-12T20:14:00Z,2025-12-12T20:31:00Z,Short,25232.25,25202.75,,29.5,590.0,4.3,-6.0,30.25,,,
2025-12-17T16:56:00Z,2025-12-17T17:01:00Z,Short,24773.75,24822.0,,-48.25,-965.0,4.3,-48.25,4.75,,,
2025-12-17T19:26:00Z,2025-12-17T19:31:00Z,Short,24721.0,24735.75,,-14.75,-295.0,4.3,-14.75,6.125,,,
2025-12-19T20:36:00Z,2025-12-19T20:38:00Z,Long,25580.25,25570.75,,-9.5,-190.0,4.3,-9.5,0.0,,,
2025-12-22T15:12:00Z,2025-12-23T14:32:00Z,Short,25686.0,25733.0,,-47.0,-940.0,4.3,-47.0,43.25,,,
2025-12-23T19:47:00Z,2025-12-23T19:55:00Z,Long,25787.25,25794.75,,7.5,150.0,4.3,-0.25,8.25,,,
2026-01-12T15:13:00Z,2026-01-12T19:32:00Z,Long,25904.25,26010.25,,106.0,2120.0,4.3,-32.0,106.25,,,
2026-01-15T20:57:00Z,2026-01-15T21:00:00Z,Short,25695.25,25719.0,,-23.75,-475.0,4.3,-24.0,2.75,,,
2026-01-16T18:12:00Z,2026-01-16T18:18:00Z,Short,25688.5,25710.0,,-21.5,-430.0,4.3,-21.75,0.0,,,
2026-01-20T15:26:00Z,2026-01-20T17:46:00Z,Long,25356.25,25273.5,,-82.75,-1655.0,4.3,-82.75,68.5,,,
2026-01-22T21:39:00Z,2026-01-22T21:59:00Z,Short,25647.25,25622.5,,24.75,495.0,4.3,-0.75,24.75,,,
2026-01-30T15:12:00Z,2026-01-30T15:24:00Z,Long,25913.5,25855.25,,-58.25,-1165.0,4.3,-58.25,0.0,,,
2026-02-02T21:06:00Z,2026-02-02T21:07:00Z,Long,25890.0,25861.75,,-28.25,-565.0,4.3,-28.25,0.0,,,
2026-02-05T14:31:00Z,2026-02-05T14:32:00Z,Short,24713.0,24745.0,,-32.0,-640.0,4.3,-32.0,33.25,,,
2026-02-10T19:51:00Z,2026-02-10T20:12:00Z,Short,25287.0,25253.75,,33.25,665.0,4.3,-14.5,33.25,,,
2026-02-24T14:32:00Z,2026-02-24T14:33:00Z,Short,24765.5,24759.0,,6.5,130.0,4.3,-3.25,6.5,,,
2026-02-24T19:56:00Z,2026-02-24T20:13:00Z,Long,25020.5,25002.25,,-18.25,-365.0,4.3,-18.75,10.0,,,
2026-02-24T20:21:00Z,2026-02-24T20:30:00Z,Long,25023.0,24998.75,,-24.25,-485.0,4.3,-24.25,0.0,,,
2026-02-25T14:31:00Z,2026-02-25T14:32:00Z,Long,25212.5,25211.0,,-1.5,-30.0,4.3,-1.5,11.25,,,
2026-02-25T21:21:00Z,2026-02-25T21:32:00Z,Long,25389.0,25422.0,,33.0,660.0,4.3,-5.25,48.5,,,
2026-03-02T15:36:00Z,2026-03-02T16:42:00Z,Long,24870.75,25001.0,,130.25,2605.0,4.3,-15.125,132.25,,,
2026-03-04T21:53:00Z,2026-03-05T14:31:00Z,Long,25150.75,25036.0,,-114.75,-2295.0,4.3,-114.75,1.0,,,
2026-03-12T15:11:00Z,2026-03-12T15:27:00Z,Short,24588.5,24626.75,,-38.25,-765.0,4.3,-38.25,19.875,,,
2026-03-12T15:37:00Z,2026-03-12T15:40:00Z,Short,24588.25,24694.0,,-105.75,-2115.0,4.3,-105.75,0.0,,,
2026-03-19T20:01:00Z,2026-03-19T20:02:00Z,Long,24377.0,24352.75,,-24.25,-485.0,4.3,-24.25,0.0,,,
2026-03-19T20:31:00Z,2026-03-19T20:54:00Z,Long,24409.75,24380.25,,-29.5,-590.0,4.3,-29.5,0.0,,,
2026-03-19T20:56:00Z,2026-03-19T20:57:00Z,Long,24405.75,24396.75,,-9.0,-180.0,4.3,-9.0,0.0,,,
2026-03-27T19:21:00Z,2026-03-27T20:21:00Z,Short,23343.0,23236.5,,106.5,2130.0,4.3,-5.0,106.5,,,
2026-04-01T13:31:00Z,2026-04-01T13:32:00Z,Long,24083.75,24043.25,,-40.5,-810.0,4.3,-40.5,0.0,,,
2026-04-01T15:51:00Z,2026-04-01T18:02:00Z,Long,24293.0,24251.0,,-42.0,-840.0,4.3,-42.0,51.0,,,
2026-04-06T20:46:00Z,2026-04-06T20:48:00Z,Long,24349.75,24342.75,,-7.0,-140.0,4.3,-7.0,0.0,,,
2026-04-08T14:26:00Z,2026-04-08T14:46:00Z,Short,25061.75,25025.75,,36.0,720.0,4.3,-14.25,36.0,,,
2026-04-08T18:01:00Z,2026-04-08T18:02:00Z,Short,25087.25,25108.25,,-21.0,-420.0,4.3,-21.0,0.0,,,
2026-04-09T17:46:00Z,2026-04-09T18:03:00Z,Long,25238.0,25193.75,,-44.25,-885.0,4.3,-44.25,1.125,,,
2026-04-16T14:18:00Z,2026-04-16T14:46:00Z,Short,26328.5,26411.25,,-82.75,-1655.0,4.3,-83.0,8.75,,,
2026-04-21T18:38:00Z,2026-04-21T18:55:00Z,Short,26681.0,26728.0,,-47.0,-940.0,4.3,-47.0,10.625,,,
2026-04-22T16:06:00Z,2026-04-22T16:13:00Z,Long,27001.5,26980.5,,-21.0,-420.0,4.3,-21.0,0.0,,,
2026-05-04T14:36:00Z,2026-05-04T15:15:00Z,Long,27892.5,27847.25,,-45.25,-905.0,4.3,-45.25,45.75,,,
2026-05-05T15:46:00Z,2026-05-05T15:59:00Z,Long,28136.75,28121.0,,-15.75,-315.0,4.3,-15.75,6.75,,,
2026-05-08T16:21:00Z,2026-05-08T17:02:00Z,Long,29213.5,29252.75,,39.25,785.0,4.3,-17.25,51.75,,,
2026-05-11T20:35:00Z,2026-05-12T13:31:00Z,Long,29413.0,29165.75,,-247.25,-4945.0,4.3,-247.25,0.0,,,
2026-05-18T15:44:00Z,2026-05-18T16:29:00Z,Short,29008.0,28900.25,,107.75,2155.0,4.3,-51.875,140.0,,,
2026-05-20T18:21:00Z,2026-05-20T18:25:00Z,Long,29307.0,29281.75,,-25.25,-505.0,4.3,-25.25,0.0,,,
2026-05-21T19:51:00Z,2026-05-21T19:55:00Z,Long,29441.75,29411.75,,-30.0,-600.0,4.3,-30.0,0.0,,,
2026-05-21T19:57:00Z,2026-05-22T13:31:00Z,Long,29448.0,29551.25,,103.25,2065.0,4.3,-7.25,170.25,,,
2026-05-27T19:26:00Z,2026-05-27T19:28:00Z,Short,30037.25,30021.0,,16.25,325.0,4.3,0.0,21.0,,,
2026-05-27T19:51:00Z,2026-05-27T19:52:00Z,Short,30033.5,30055.0,,-21.5,-430.0,4.3,-21.5,0.0,,,
2026-05-28T14:53:00Z,2026-05-28T15:04:00Z,Long,30164.75,30231.25,,66.5,1330.0,4.3,0.0,66.75,,,
2026-05-28T20:46:00Z,2026-05-28T20:51:00Z,Long,30325.0,30318.75,,-6.25,-125.0,4.3,-6.25,1.0,,,
2026-06-01T20:36:00Z,2026-06-01T20:40:00Z,Long,30559.0,30544.5,,-14.5,-290.0,4.3,-14.5,0.0,,,
2026-06-16T16:46:00Z,2026-06-16T20:00:00Z,Short,30178.0,30007.5,,170.5,3410.0,4.3,-32.75,186.75,,,
2026-06-19T14:42:00Z,2026-06-19T14:55:00Z,Long,30675.5,30686.5,,11.0,220.0,4.3,-4.625,12.0,,,
2026-06-29T18:35:00Z,2026-06-29T18:46:00Z,Long,30023.25,30060.0,,36.75,735.0,4.3,0.0,39.75,,,
2026-06-29T19:08:00Z,2026-06-29T19:51:00Z,Long,30034.5,29983.5,,-51.0,-1020.0,4.3,-51.0,22.0,,,
2026-06-30T18:37:00Z,2026-06-30T18:51:00Z,Long,30538.5,30572.0,,33.5,670.0,4.3,-10.25,35.5,,,
